atomic_id,domain,atomic_subtopic,papers,assessment_modes,prerequisite_atomic_ids,downstream_atomic_ids,scope_evidence_status,wolfram_content_family,primary_representation,prompt_resources,computation_roles,topic_verifier_recipe,static_base_resource_recipe,compatible_modifiers,dynamic_delta_rules,research_inputs_required,failure_hypothesis_fields,outcome_metrics,release_gates,status
LA-01,Linear Algebra,Matrix algebra and operations,"[""CS"", ""CE"", ""EE"", ""ME"", ""XE-A""]","[""MCQ"", ""MSQ"", ""NAT""]",[],"[""LA-02"", ""LA-03"", ""LA-04"", ""LA-05"", ""LA-06"", ""LA-08"", ""LA-11"", ""NM-03""]",research-required before generation; learner-impact claims require outcome validation,matrix,matrix/table + dimension overlay,"[""teach.hook"", ""teach.intuition"", ""teach.formal_anchor"", ""teach.checked_example"", ""assess.mcq"", ""assess.msq"", ""assess.nat"", ""verify.symbolic"", ""verify.dimension"", ""verify.scope""]","[""verification"", ""counterexample_search"", ""representation_generation"", ""question_variation"", ""learner_exploration""]","[""symbolic equivalence"", ""dimension compatibility"", ""determinant/rank/invertibility checks"", ""counterexample search""]","{""scope"": ""scope.resolve + verify.scope"", ""research"": ""research.brief + research.claims + research.sources + research.conflicts"", ""teaching"": [""teach.hook"", ""teach.intuition"", ""teach.formal_anchor"", ""teach.method_selector"", ""teach.checked_example"", ""teach.counterexample"", ""teach.recall"", ""teach.transfer""], ""assessment"": [""assess.mcq"", ""assess.msq"", ""assess.nat"", ""assess.timed"", ""assess.answer_audit""], ""renderers"": [""render.markdown"", ""render.manim"", ""render.question_card""]}","[""visual_first"", ""simple_words"", ""exam_timed"", ""prerequisite_repair"", ""hindi_glossary"", ""formula_light"", ""minimal_delta""]","{""prerequisite_gap"": ""diagnose.prerequisite_probe then delta.select; automatic route requires converging evidence"", ""representation_gap"": ""attach representation shift without rewriting formal anchor"", ""execution_gap"": ""attach checked micro-drill and recompute verification trace"", ""assessment_mode_gap"": ""attach only the failing MCQ/MSQ/NAT/timed/descriptive module"", ""constraint_gap"": ""attach time-risk compression or deadline triage while preserving mandatory conditions"", ""custom_source"": ""register PDF hash/page/source permissions and run conflict analysis before use"", ""verified_computation"": ""store provider/query/assumptions/output/version/reproducibility metadata""}","[""official_syllabus_scope_and_year"", ""official_question_pattern_and_marking_rules"", ""topic_definitions_theorems_algorithms_and_conditions"", ""prerequisite_dependencies_and_common_misconception_hypotheses"", ""historical_question_pattern_coding_with_evidence_label"", ""worked_examples_and_counterexamples"", ""assessment_mode_variants_mcq_msq_nat_and_descriptive_if_applicable"", ""learner_constraints_time_pressure_deadline_confidence_and_accessibility"", ""source_freshness_provenance_and_conflict_check""]","[""scope_and_definition"", ""prerequisite_and_dependency"", ""representation_and_language"", ""method_selection_and_conceptual_reasoning"", ""execution_and_calculation"", ""edge_cases_and_verification"", ""transfer_and_problem_solving"", ""assessment_mode"", ""time_and_exam_strategy"", ""negative_marking_and_risk"", ""retention_and_retrieval"", ""metacognition_and_feedback"", ""constraints_and_affective_load"", ""resource_and_content_fit""]","[""immediate_accuracy"", ""delayed_retrieval"", ""changed_surface_transfer"", ""time_to_method"", ""error_recurrence"", ""hint_dependence"", ""confidence_calibration"", ""support_burden""]","[""scope_pass"", ""claim_ledger_complete"", ""mathematics_pass"", ""assessment_pass"", ""citation_completeness"", ""accessibility_pass"", ""rollback_target_present""]",research_and_verification_required_before_authoritative_release
LA-02,Linear Algebra,Determinants and determinant properties,"[""CS"", ""CE"", ""EE"", ""ME"", ""XE-A""]","[""MCQ"", ""MSQ"", ""NAT""]","[""LA-01""]","[""LA-03"", ""LA-05"", ""LA-06""]",research-required before generation; learner-impact claims require outcome validation,matrix,matrix/table + dimension overlay,"[""teach.hook"", ""teach.intuition"", ""teach.formal_anchor"", ""teach.checked_example"", ""assess.mcq"", ""assess.msq"", ""assess.nat"", ""verify.symbolic"", ""verify.dimension"", ""verify.scope""]","[""verification"", ""counterexample_search"", ""representation_generation"", ""question_variation"", ""learner_exploration""]","[""symbolic equivalence"", ""dimension compatibility"", ""determinant/rank/invertibility checks"", ""counterexample search""]","{""scope"": ""scope.resolve + verify.scope"", ""research"": ""research.brief + research.claims + research.sources + research.conflicts"", ""teaching"": [""teach.hook"", ""teach.intuition"", ""teach.formal_anchor"", ""teach.method_selector"", ""teach.checked_example"", ""teach.counterexample"", ""teach.recall"", ""teach.transfer""], ""assessment"": [""assess.mcq"", ""assess.msq"", ""assess.nat"", ""assess.timed"", ""assess.answer_audit""], ""renderers"": [""render.markdown"", ""render.manim"", ""render.question_card""]}","[""visual_first"", ""simple_words"", ""exam_timed"", ""prerequisite_repair"", ""hindi_glossary"", ""formula_light"", ""minimal_delta""]","{""prerequisite_gap"": ""diagnose.prerequisite_probe then delta.select; automatic route requires converging evidence"", ""representation_gap"": ""attach representation shift without rewriting formal anchor"", ""execution_gap"": ""attach checked micro-drill and recompute verification trace"", ""assessment_mode_gap"": ""attach only the failing MCQ/MSQ/NAT/timed/descriptive module"", ""constraint_gap"": ""attach time-risk compression or deadline triage while preserving mandatory conditions"", ""custom_source"": ""register PDF hash/page/source permissions and run conflict analysis before use"", ""verified_computation"": ""store provider/query/assumptions/output/version/reproducibility metadata""}","[""official_syllabus_scope_and_year"", ""official_question_pattern_and_marking_rules"", ""topic_definitions_theorems_algorithms_and_conditions"", ""prerequisite_dependencies_and_common_misconception_hypotheses"", ""historical_question_pattern_coding_with_evidence_label"", ""worked_examples_and_counterexamples"", ""assessment_mode_variants_mcq_msq_nat_and_descriptive_if_applicable"", ""learner_constraints_time_pressure_deadline_confidence_and_accessibility"", ""source_freshness_provenance_and_conflict_check""]","[""scope_and_definition"", ""prerequisite_and_dependency"", ""representation_and_language"", ""method_selection_and_conceptual_reasoning"", ""execution_and_calculation"", ""edge_cases_and_verification"", ""transfer_and_problem_solving"", ""assessment_mode"", ""time_and_exam_strategy"", ""negative_marking_and_risk"", ""retention_and_retrieval"", ""metacognition_and_feedback"", ""constraints_and_affective_load"", ""resource_and_content_fit""]","[""immediate_accuracy"", ""delayed_retrieval"", ""changed_surface_transfer"", ""time_to_method"", ""error_recurrence"", ""hint_dependence"", ""confidence_calibration"", ""support_burden""]","[""scope_pass"", ""claim_ledger_complete"", ""mathematics_pass"", ""assessment_pass"", ""citation_completeness"", ""accessibility_pass"", ""rollback_target_present""]",research_and_verification_required_before_authoritative_release
LA-03,Linear Algebra,Inverse of a matrix,"[""CS"", ""CE"", ""EE"", ""ME"", ""XE-A""]","[""MCQ"", ""MSQ"", ""NAT""]","[""LA-01"", ""LA-02""]",[],research-required before generation; learner-impact claims require outcome validation,matrix,matrix/table + dimension overlay,"[""teach.hook"", ""teach.intuition"", ""teach.formal_anchor"", ""teach.checked_example"", ""assess.mcq"", ""assess.msq"", ""assess.nat"", ""verify.symbolic"", ""verify.dimension"", ""verify.scope""]","[""verification"", ""counterexample_search"", ""representation_generation"", ""question_variation"", ""learner_exploration""]","[""symbolic equivalence"", ""dimension compatibility"", ""determinant/rank/invertibility checks"", ""counterexample search""]","{""scope"": ""scope.resolve + verify.scope"", ""research"": ""research.brief + research.claims + research.sources + research.conflicts"", ""teaching"": [""teach.hook"", ""teach.intuition"", ""teach.formal_anchor"", ""teach.method_selector"", ""teach.checked_example"", ""teach.counterexample"", ""teach.recall"", ""teach.transfer""], ""assessment"": [""assess.mcq"", ""assess.msq"", ""assess.nat"", ""assess.timed"", ""assess.answer_audit""], ""renderers"": [""render.markdown"", ""render.manim"", ""render.question_card""]}","[""visual_first"", ""simple_words"", ""exam_timed"", ""prerequisite_repair"", ""hindi_glossary"", ""formula_light"", ""minimal_delta""]","{""prerequisite_gap"": ""diagnose.prerequisite_probe then delta.select; automatic route requires converging evidence"", ""representation_gap"": ""attach representation shift without rewriting formal anchor"", ""execution_gap"": ""attach checked micro-drill and recompute verification trace"", ""assessment_mode_gap"": ""attach only the failing MCQ/MSQ/NAT/timed/descriptive module"", ""constraint_gap"": ""attach time-risk compression or deadline triage while preserving mandatory conditions"", ""custom_source"": ""register PDF hash/page/source permissions and run conflict analysis before use"", ""verified_computation"": ""store provider/query/assumptions/output/version/reproducibility metadata""}","[""official_syllabus_scope_and_year"", ""official_question_pattern_and_marking_rules"", ""topic_definitions_theorems_algorithms_and_conditions"", ""prerequisite_dependencies_and_common_misconception_hypotheses"", ""historical_question_pattern_coding_with_evidence_label"", ""worked_examples_and_counterexamples"", ""assessment_mode_variants_mcq_msq_nat_and_descriptive_if_applicable"", ""learner_constraints_time_pressure_deadline_confidence_and_accessibility"", ""source_freshness_provenance_and_conflict_check""]","[""scope_and_definition"", ""prerequisite_and_dependency"", ""representation_and_language"", ""method_selection_and_conceptual_reasoning"", ""execution_and_calculation"", ""edge_cases_and_verification"", ""transfer_and_problem_solving"", ""assessment_mode"", ""time_and_exam_strategy"", ""negative_marking_and_risk"", ""retention_and_retrieval"", ""metacognition_and_feedback"", ""constraints_and_affective_load"", ""resource_and_content_fit""]","[""immediate_accuracy"", ""delayed_retrieval"", ""changed_surface_transfer"", ""time_to_method"", ""error_recurrence"", ""hint_dependence"", ""confidence_calibration"", ""support_burden""]","[""scope_pass"", ""claim_ledger_complete"", ""mathematics_pass"", ""assessment_pass"", ""citation_completeness"", ""accessibility_pass"", ""rollback_target_present""]",research_and_verification_required_before_authoritative_release
LA-04,Linear Algebra,Rank of a matrix,"[""CE"", ""EE"", ""ME"", ""XE-A""]","[""MCQ"", ""MSQ"", ""NAT""]","[""LA-01""]","[""LA-05"", ""LA-06""]",research-required before generation; learner-impact claims require outcome validation,matrix,matrix/table + dimension overlay,"[""teach.hook"", ""teach.intuition"", ""teach.formal_anchor"", ""teach.checked_example"", ""assess.mcq"", ""assess.msq"", ""assess.nat"", ""verify.symbolic"", ""verify.dimension"", ""verify.scope""]","[""verification"", ""counterexample_search"", ""representation_generation"", ""question_variation"", ""learner_exploration""]","[""symbolic equivalence"", ""dimension compatibility"", ""determinant/rank/invertibility checks"", ""counterexample search""]","{""scope"": ""scope.resolve + verify.scope"", ""research"": ""research.brief + research.claims + research.sources + research.conflicts"", ""teaching"": [""teach.hook"", ""teach.intuition"", ""teach.formal_anchor"", ""teach.method_selector"", ""teach.checked_example"", ""teach.counterexample"", ""teach.recall"", ""teach.transfer""], ""assessment"": [""assess.mcq"", ""assess.msq"", ""assess.nat"", ""assess.timed"", ""assess.answer_audit""], ""renderers"": [""render.markdown"", ""render.manim"", ""render.question_card""]}","[""visual_first"", ""simple_words"", ""exam_timed"", ""prerequisite_repair"", ""hindi_glossary"", ""formula_light"", ""minimal_delta""]","{""prerequisite_gap"": ""diagnose.prerequisite_probe then delta.select; automatic route requires converging evidence"", ""representation_gap"": ""attach representation shift without rewriting formal anchor"", ""execution_gap"": ""attach checked micro-drill and recompute verification trace"", ""assessment_mode_gap"": ""attach only the failing MCQ/MSQ/NAT/timed/descriptive module"", ""constraint_gap"": ""attach time-risk compression or deadline triage while preserving mandatory conditions"", ""custom_source"": ""register PDF hash/page/source permissions and run conflict analysis before use"", ""verified_computation"": ""store provider/query/assumptions/output/version/reproducibility metadata""}","[""official_syllabus_scope_and_year"", ""official_question_pattern_and_marking_rules"", ""topic_definitions_theorems_algorithms_and_conditions"", ""prerequisite_dependencies_and_common_misconception_hypotheses"", ""historical_question_pattern_coding_with_evidence_label"", ""worked_examples_and_counterexamples"", ""assessment_mode_variants_mcq_msq_nat_and_descriptive_if_applicable"", ""learner_constraints_time_pressure_deadline_confidence_and_accessibility"", ""source_freshness_provenance_and_conflict_check""]","[""scope_and_definition"", ""prerequisite_and_dependency"", ""representation_and_language"", ""method_selection_and_conceptual_reasoning"", ""execution_and_calculation"", ""edge_cases_and_verification"", ""transfer_and_problem_solving"", ""assessment_mode"", ""time_and_exam_strategy"", ""negative_marking_and_risk"", ""retention_and_retrieval"", ""metacognition_and_feedback"", ""constraints_and_affective_load"", ""resource_and_content_fit""]","[""immediate_accuracy"", ""delayed_retrieval"", ""changed_surface_transfer"", ""time_to_method"", ""error_recurrence"", ""hint_dependence"", ""confidence_calibration"", ""support_burden""]","[""scope_pass"", ""claim_ledger_complete"", ""mathematics_pass"", ""assessment_pass"", ""citation_completeness"", ""accessibility_pass"", ""rollback_target_present""]",research_and_verification_required_before_authoritative_release
LA-05,Linear Algebra,Systems of linear equations,"[""CS"", ""CE"", ""EE"", ""ME"", ""XE-A""]","[""MCQ"", ""MSQ"", ""NAT""]","[""LA-01"", ""LA-02"", ""LA-04""]","[""LA-11"", ""NM-03"", ""NM-04""]",research-required before generation; learner-impact claims require outcome validation,matrix,matrix/table + dimension overlay,"[""teach.hook"", ""teach.intuition"", ""teach.formal_anchor"", ""teach.checked_example"", ""assess.mcq"", ""assess.msq"", ""assess.nat"", ""verify.symbolic"", ""verify.dimension"", ""verify.scope""]","[""verification"", ""counterexample_search"", ""representation_generation"", ""question_variation"", ""learner_exploration""]","[""symbolic equivalence"", ""dimension compatibility"", ""determinant/rank/invertibility checks"", ""counterexample search""]","{""scope"": ""scope.resolve + verify.scope"", ""research"": ""research.brief + research.claims + research.sources + research.conflicts"", ""teaching"": [""teach.hook"", ""teach.intuition"", ""teach.formal_anchor"", ""teach.method_selector"", ""teach.checked_example"", ""teach.counterexample"", ""teach.recall"", ""teach.transfer""], ""assessment"": [""assess.mcq"", ""assess.msq"", ""assess.nat"", ""assess.timed"", ""assess.answer_audit""], ""renderers"": [""render.markdown"", ""render.manim"", ""render.question_card""]}","[""visual_first"", ""simple_words"", ""exam_timed"", ""prerequisite_repair"", ""hindi_glossary"", ""formula_light"", ""minimal_delta""]","{""prerequisite_gap"": ""diagnose.prerequisite_probe then delta.select; automatic route requires converging evidence"", ""representation_gap"": ""attach representation shift without rewriting formal anchor"", ""execution_gap"": ""attach checked micro-drill and recompute verification trace"", ""assessment_mode_gap"": ""attach only the failing MCQ/MSQ/NAT/timed/descriptive module"", ""constraint_gap"": ""attach time-risk compression or deadline triage while preserving mandatory conditions"", ""custom_source"": ""register PDF hash/page/source permissions and run conflict analysis before use"", ""verified_computation"": ""store provider/query/assumptions/output/version/reproducibility metadata""}","[""official_syllabus_scope_and_year"", ""official_question_pattern_and_marking_rules"", ""topic_definitions_theorems_algorithms_and_conditions"", ""prerequisite_dependencies_and_common_misconception_hypotheses"", ""historical_question_pattern_coding_with_evidence_label"", ""worked_examples_and_counterexamples"", ""assessment_mode_variants_mcq_msq_nat_and_descriptive_if_applicable"", ""learner_constraints_time_pressure_deadline_confidence_and_accessibility"", ""source_freshness_provenance_and_conflict_check""]","[""scope_and_definition"", ""prerequisite_and_dependency"", ""representation_and_language"", ""method_selection_and_conceptual_reasoning"", ""execution_and_calculation"", ""edge_cases_and_verification"", ""transfer_and_problem_solving"", ""assessment_mode"", ""time_and_exam_strategy"", ""negative_marking_and_risk"", ""retention_and_retrieval"", ""metacognition_and_feedback"", ""constraints_and_affective_load"", ""resource_and_content_fit""]","[""immediate_accuracy"", ""delayed_retrieval"", ""changed_surface_transfer"", ""time_to_method"", ""error_recurrence"", ""hint_dependence"", ""confidence_calibration"", ""support_burden""]","[""scope_pass"", ""claim_ledger_complete"", ""mathematics_pass"", ""assessment_pass"", ""citation_completeness"", ""accessibility_pass"", ""rollback_target_present""]",research_and_verification_required_before_authoritative_release
LA-06,Linear Algebra,Eigenvalues,"[""CS"", ""CE"", ""EE"", ""ME"", ""XE-A""]","[""MCQ"", ""MSQ"", ""NAT""]","[""LA-01"", ""LA-02"", ""LA-04""]","[""LA-07"", ""LA-09"", ""LA-10"", ""NM-04""]",research-required before generation; learner-impact claims require outcome validation,eigen,2D transformation + invariant direction + characteristic polynomial,"[""teach.hook"", ""teach.intuition"", ""teach.formal_anchor"", ""teach.checked_example"", ""teach.counterexample"", ""assess.mcq"", ""assess.msq"", ""assess.nat"", ""verify.symbolic"", ""verify.numeric"", ""verify.dimension""]","[""verification"", ""counterexample_search"", ""representation_generation"", ""question_variation"", ""learner_exploration""]","[""eigenpair recomputation"", ""trace/determinant cross-check"", ""nullspace verification"", ""multiplicity and diagonalization counterexamples""]","{""scope"": ""scope.resolve + verify.scope"", ""research"": ""research.brief + research.claims + research.sources + research.conflicts"", ""teaching"": [""teach.hook"", ""teach.intuition"", ""teach.formal_anchor"", ""teach.method_selector"", ""teach.checked_example"", ""teach.counterexample"", ""teach.recall"", ""teach.transfer""], ""assessment"": [""assess.mcq"", ""assess.msq"", ""assess.nat"", ""assess.timed"", ""assess.answer_audit""], ""renderers"": [""render.markdown"", ""render.manim"", ""render.question_card""]}","[""visual_first"", ""simple_words"", ""exam_timed"", ""prerequisite_repair"", ""hindi_glossary"", ""formula_light"", ""minimal_delta""]","{""prerequisite_gap"": ""diagnose.prerequisite_probe then delta.select; automatic route requires converging evidence"", ""representation_gap"": ""attach representation shift without rewriting formal anchor"", ""execution_gap"": ""attach checked micro-drill and recompute verification trace"", ""assessment_mode_gap"": ""attach only the failing MCQ/MSQ/NAT/timed/descriptive module"", ""constraint_gap"": ""attach time-risk compression or deadline triage while preserving mandatory conditions"", ""custom_source"": ""register PDF hash/page/source permissions and run conflict analysis before use"", ""verified_computation"": ""store provider/query/assumptions/output/version/reproducibility metadata""}","[""official_syllabus_scope_and_year"", ""official_question_pattern_and_marking_rules"", ""topic_definitions_theorems_algorithms_and_conditions"", ""prerequisite_dependencies_and_common_misconception_hypotheses"", ""historical_question_pattern_coding_with_evidence_label"", ""worked_examples_and_counterexamples"", ""assessment_mode_variants_mcq_msq_nat_and_descriptive_if_applicable"", ""learner_constraints_time_pressure_deadline_confidence_and_accessibility"", ""source_freshness_provenance_and_conflict_check""]","[""scope_and_definition"", ""prerequisite_and_dependency"", ""representation_and_language"", ""method_selection_and_conceptual_reasoning"", ""execution_and_calculation"", ""edge_cases_and_verification"", ""transfer_and_problem_solving"", ""assessment_mode"", ""time_and_exam_strategy"", ""negative_marking_and_risk"", ""retention_and_retrieval"", ""metacognition_and_feedback"", ""constraints_and_affective_load"", ""resource_and_content_fit""]","[""immediate_accuracy"", ""delayed_retrieval"", ""changed_surface_transfer"", ""time_to_method"", ""error_recurrence"", ""hint_dependence"", ""confidence_calibration"", ""support_burden""]","[""scope_pass"", ""claim_ledger_complete"", ""mathematics_pass"", ""assessment_pass"", ""citation_completeness"", ""accessibility_pass"", ""rollback_target_present""]",research_and_verification_required_before_authoritative_release
LA-07,Linear Algebra,Eigenvectors,"[""CS"", ""CE"", ""EE"", ""ME"", ""XE-A""]","[""MCQ"", ""MSQ"", ""NAT""]","[""LA-06""]","[""LA-09""]",research-required before generation; learner-impact claims require outcome validation,eigen,2D transformation + invariant direction + characteristic polynomial,"[""teach.hook"", ""teach.intuition"", ""teach.formal_anchor"", ""teach.checked_example"", ""teach.counterexample"", ""assess.mcq"", ""assess.msq"", ""assess.nat"", ""verify.symbolic"", ""verify.numeric"", ""verify.dimension""]","[""verification"", ""counterexample_search"", ""representation_generation"", ""question_variation"", ""learner_exploration""]","[""eigenpair recomputation"", ""trace/determinant cross-check"", ""nullspace verification"", ""multiplicity and diagonalization counterexamples""]","{""scope"": ""scope.resolve + verify.scope"", ""research"": ""research.brief + research.claims + research.sources + research.conflicts"", ""teaching"": [""teach.hook"", ""teach.intuition"", ""teach.formal_anchor"", ""teach.method_selector"", ""teach.checked_example"", ""teach.counterexample"", ""teach.recall"", ""teach.transfer""], ""assessment"": [""assess.mcq"", ""assess.msq"", ""assess.nat"", ""assess.timed"", ""assess.answer_audit""], ""renderers"": [""render.markdown"", ""render.manim"", ""render.question_card""]}","[""visual_first"", ""simple_words"", ""exam_timed"", ""prerequisite_repair"", ""hindi_glossary"", ""formula_light"", ""minimal_delta""]","{""prerequisite_gap"": ""diagnose.prerequisite_probe then delta.select; automatic route requires converging evidence"", ""representation_gap"": ""attach representation shift without rewriting formal anchor"", ""execution_gap"": ""attach checked micro-drill and recompute verification trace"", ""assessment_mode_gap"": ""attach only the failing MCQ/MSQ/NAT/timed/descriptive module"", ""constraint_gap"": ""attach time-risk compression or deadline triage while preserving mandatory conditions"", ""custom_source"": ""register PDF hash/page/source permissions and run conflict analysis before use"", ""verified_computation"": ""store provider/query/assumptions/output/version/reproducibility metadata""}","[""official_syllabus_scope_and_year"", ""official_question_pattern_and_marking_rules"", ""topic_definitions_theorems_algorithms_and_conditions"", ""prerequisite_dependencies_and_common_misconception_hypotheses"", ""historical_question_pattern_coding_with_evidence_label"", ""worked_examples_and_counterexamples"", ""assessment_mode_variants_mcq_msq_nat_and_descriptive_if_applicable"", ""learner_constraints_time_pressure_deadline_confidence_and_accessibility"", ""source_freshness_provenance_and_conflict_check""]","[""scope_and_definition"", ""prerequisite_and_dependency"", ""representation_and_language"", ""method_selection_and_conceptual_reasoning"", ""execution_and_calculation"", ""edge_cases_and_verification"", ""transfer_and_problem_solving"", ""assessment_mode"", ""time_and_exam_strategy"", ""negative_marking_and_risk"", ""retention_and_retrieval"", ""metacognition_and_feedback"", ""constraints_and_affective_load"", ""resource_and_content_fit""]","[""immediate_accuracy"", ""delayed_retrieval"", ""changed_surface_transfer"", ""time_to_method"", ""error_recurrence"", ""hint_dependence"", ""confidence_calibration"", ""support_burden""]","[""scope_pass"", ""claim_ledger_complete"", ""mathematics_pass"", ""assessment_pass"", ""citation_completeness"", ""accessibility_pass"", ""rollback_target_present""]",research_and_verification_required_before_authoritative_release
LA-08,Linear Algebra,Symmetric-matrix properties,"[""XE-A and paper-dependent overlap""]","[""MCQ"", ""MSQ"", ""NAT""]","[""LA-01""]","[""LA-09""]",research-required before generation; learner-impact claims require outcome validation,eigen,2D transformation + invariant direction + characteristic polynomial,"[""teach.hook"", ""teach.intuition"", ""teach.formal_anchor"", ""teach.checked_example"", ""teach.counterexample"", ""assess.mcq"", ""assess.msq"", ""assess.nat"", ""verify.symbolic"", ""verify.numeric"", ""verify.dimension""]","[""verification"", ""counterexample_search"", ""representation_generation"", ""question_variation"", ""learner_exploration""]","[""eigenpair recomputation"", ""trace/determinant cross-check"", ""nullspace verification"", ""multiplicity and diagonalization counterexamples""]","{""scope"": ""scope.resolve + verify.scope"", ""research"": ""research.brief + research.claims + research.sources + research.conflicts"", ""teaching"": [""teach.hook"", ""teach.intuition"", ""teach.formal_anchor"", ""teach.method_selector"", ""teach.checked_example"", ""teach.counterexample"", ""teach.recall"", ""teach.transfer""], ""assessment"": [""assess.mcq"", ""assess.msq"", ""assess.nat"", ""assess.timed"", ""assess.answer_audit""], ""renderers"": [""render.markdown"", ""render.manim"", ""render.question_card""]}","[""visual_first"", ""simple_words"", ""exam_timed"", ""prerequisite_repair"", ""hindi_glossary"", ""formula_light"", ""minimal_delta""]","{""prerequisite_gap"": ""diagnose.prerequisite_probe then delta.select; automatic route requires converging evidence"", ""representation_gap"": ""attach representation shift without rewriting formal anchor"", ""execution_gap"": ""attach checked micro-drill and recompute verification trace"", ""assessment_mode_gap"": ""attach only the failing MCQ/MSQ/NAT/timed/descriptive module"", ""constraint_gap"": ""attach time-risk compression or deadline triage while preserving mandatory conditions"", ""custom_source"": ""register PDF hash/page/source permissions and run conflict analysis before use"", ""verified_computation"": ""store provider/query/assumptions/output/version/reproducibility metadata""}","[""official_syllabus_scope_and_year"", ""official_question_pattern_and_marking_rules"", ""topic_definitions_theorems_algorithms_and_conditions"", ""prerequisite_dependencies_and_common_misconception_hypotheses"", ""historical_question_pattern_coding_with_evidence_label"", ""worked_examples_and_counterexamples"", ""assessment_mode_variants_mcq_msq_nat_and_descriptive_if_applicable"", ""learner_constraints_time_pressure_deadline_confidence_and_accessibility"", ""source_freshness_provenance_and_conflict_check""]","[""scope_and_definition"", ""prerequisite_and_dependency"", ""representation_and_language"", ""method_selection_and_conceptual_reasoning"", ""execution_and_calculation"", ""edge_cases_and_verification"", ""transfer_and_problem_solving"", ""assessment_mode"", ""time_and_exam_strategy"", ""negative_marking_and_risk"", ""retention_and_retrieval"", ""metacognition_and_feedback"", ""constraints_and_affective_load"", ""resource_and_content_fit""]","[""immediate_accuracy"", ""delayed_retrieval"", ""changed_surface_transfer"", ""time_to_method"", ""error_recurrence"", ""hint_dependence"", ""confidence_calibration"", ""support_burden""]","[""scope_pass"", ""claim_ledger_complete"", ""mathematics_pass"", ""assessment_pass"", ""citation_completeness"", ""accessibility_pass"", ""rollback_target_present""]",research_and_verification_required_before_authoritative_release
LA-09,Linear Algebra,Diagonalization,"[""XE-A; related in CS/branch contexts""]","[""MCQ"", ""MSQ"", ""NAT""]","[""LA-06"", ""LA-07"", ""LA-08""]",[],research-required before generation; learner-impact claims require outcome validation,eigen,2D transformation + invariant direction + characteristic polynomial,"[""teach.hook"", ""teach.intuition"", ""teach.formal_anchor"", ""teach.checked_example"", ""teach.counterexample"", ""assess.mcq"", ""assess.msq"", ""assess.nat"", ""verify.symbolic"", ""verify.numeric"", ""verify.dimension""]","[""verification"", ""counterexample_search"", ""representation_generation"", ""question_variation"", ""learner_exploration""]","[""eigenpair recomputation"", ""trace/determinant cross-check"", ""nullspace verification"", ""multiplicity and diagonalization counterexamples""]","{""scope"": ""scope.resolve + verify.scope"", ""research"": ""research.brief + research.claims + research.sources + research.conflicts"", ""teaching"": [""teach.hook"", ""teach.intuition"", ""teach.formal_anchor"", ""teach.method_selector"", ""teach.checked_example"", ""teach.counterexample"", ""teach.recall"", ""teach.transfer""], ""assessment"": [""assess.mcq"", ""assess.msq"", ""assess.nat"", ""assess.timed"", ""assess.answer_audit""], ""renderers"": [""render.markdown"", ""render.manim"", ""render.question_card""]}","[""visual_first"", ""simple_words"", ""exam_timed"", ""prerequisite_repair"", ""hindi_glossary"", ""formula_light"", ""minimal_delta""]","{""prerequisite_gap"": ""diagnose.prerequisite_probe then delta.select; automatic route requires converging evidence"", ""representation_gap"": ""attach representation shift without rewriting formal anchor"", ""execution_gap"": ""attach checked micro-drill and recompute verification trace"", ""assessment_mode_gap"": ""attach only the failing MCQ/MSQ/NAT/timed/descriptive module"", ""constraint_gap"": ""attach time-risk compression or deadline triage while preserving mandatory conditions"", ""custom_source"": ""register PDF hash/page/source permissions and run conflict analysis before use"", ""verified_computation"": ""store provider/query/assumptions/output/version/reproducibility metadata""}","[""official_syllabus_scope_and_year"", ""official_question_pattern_and_marking_rules"", ""topic_definitions_theorems_algorithms_and_conditions"", ""prerequisite_dependencies_and_common_misconception_hypotheses"", ""historical_question_pattern_coding_with_evidence_label"", ""worked_examples_and_counterexamples"", ""assessment_mode_variants_mcq_msq_nat_and_descriptive_if_applicable"", ""learner_constraints_time_pressure_deadline_confidence_and_accessibility"", ""source_freshness_provenance_and_conflict_check""]","[""scope_and_definition"", ""prerequisite_and_dependency"", ""representation_and_language"", ""method_selection_and_conceptual_reasoning"", ""execution_and_calculation"", ""edge_cases_and_verification"", ""transfer_and_problem_solving"", ""assessment_mode"", ""time_and_exam_strategy"", ""negative_marking_and_risk"", ""retention_and_retrieval"", ""metacognition_and_feedback"", ""constraints_and_affective_load"", ""resource_and_content_fit""]","[""immediate_accuracy"", ""delayed_retrieval"", ""changed_surface_transfer"", ""time_to_method"", ""error_recurrence"", ""hint_dependence"", ""confidence_calibration"", ""support_burden""]","[""scope_pass"", ""claim_ledger_complete"", ""mathematics_pass"", ""assessment_pass"", ""citation_completeness"", ""accessibility_pass"", ""rollback_target_present""]",research_and_verification_required_before_authoritative_release
LA-10,Linear Algebra,Cayley–Hamilton theorem,"[""XE-A""]","[""MCQ"", ""MSQ"", ""NAT""]","[""LA-06""]",[],research-required before generation; learner-impact claims require outcome validation,eigen,2D transformation + invariant direction + characteristic polynomial,"[""teach.hook"", ""teach.intuition"", ""teach.formal_anchor"", ""teach.checked_example"", ""teach.counterexample"", ""assess.mcq"", ""assess.msq"", ""assess.nat"", ""verify.symbolic"", ""verify.numeric"", ""verify.dimension""]","[""verification"", ""counterexample_search"", ""representation_generation"", ""question_variation"", ""learner_exploration""]","[""eigenpair recomputation"", ""trace/determinant cross-check"", ""nullspace verification"", ""multiplicity and diagonalization counterexamples""]","{""scope"": ""scope.resolve + verify.scope"", ""research"": ""research.brief + research.claims + research.sources + research.conflicts"", ""teaching"": [""teach.hook"", ""teach.intuition"", ""teach.formal_anchor"", ""teach.method_selector"", ""teach.checked_example"", ""teach.counterexample"", ""teach.recall"", ""teach.transfer""], ""assessment"": [""assess.mcq"", ""assess.msq"", ""assess.nat"", ""assess.timed"", ""assess.answer_audit""], ""renderers"": [""render.markdown"", ""render.manim"", ""render.question_card""]}","[""visual_first"", ""simple_words"", ""exam_timed"", ""prerequisite_repair"", ""hindi_glossary"", ""formula_light"", ""minimal_delta""]","{""prerequisite_gap"": ""diagnose.prerequisite_probe then delta.select; automatic route requires converging evidence"", ""representation_gap"": ""attach representation shift without rewriting formal anchor"", ""execution_gap"": ""attach checked micro-drill and recompute verification trace"", ""assessment_mode_gap"": ""attach only the failing MCQ/MSQ/NAT/timed/descriptive module"", ""constraint_gap"": ""attach time-risk compression or deadline triage while preserving mandatory conditions"", ""custom_source"": ""register PDF hash/page/source permissions and run conflict analysis before use"", ""verified_computation"": ""store provider/query/assumptions/output/version/reproducibility metadata""}","[""official_syllabus_scope_and_year"", ""official_question_pattern_and_marking_rules"", ""topic_definitions_theorems_algorithms_and_conditions"", ""prerequisite_dependencies_and_common_misconception_hypotheses"", ""historical_question_pattern_coding_with_evidence_label"", ""worked_examples_and_counterexamples"", ""assessment_mode_variants_mcq_msq_nat_and_descriptive_if_applicable"", ""learner_constraints_time_pressure_deadline_confidence_and_accessibility"", ""source_freshness_provenance_and_conflict_check""]","[""scope_and_definition"", ""prerequisite_and_dependency"", ""representation_and_language"", ""method_selection_and_conceptual_reasoning"", ""execution_and_calculation"", ""edge_cases_and_verification"", ""transfer_and_problem_solving"", ""assessment_mode"", ""time_and_exam_strategy"", ""negative_marking_and_risk"", ""retention_and_retrieval"", ""metacognition_and_feedback"", ""constraints_and_affective_load"", ""resource_and_content_fit""]","[""immediate_accuracy"", ""delayed_retrieval"", ""changed_surface_transfer"", ""time_to_method"", ""error_recurrence"", ""hint_dependence"", ""confidence_calibration"", ""support_burden""]","[""scope_pass"", ""claim_ledger_complete"", ""mathematics_pass"", ""assessment_pass"", ""citation_completeness"", ""accessibility_pass"", ""rollback_target_present""]",research_and_verification_required_before_authoritative_release
LA-11,Linear Algebra,LU decomposition,"[""CS"", ""XE-A and branch-dependent numerical scope""]","[""MCQ"", ""MSQ"", ""NAT""]","[""LA-01"", ""LA-05""]",[],research-required before generation; learner-impact claims require outcome validation,matrix,matrix/table + dimension overlay,"[""teach.hook"", ""teach.intuition"", ""teach.formal_anchor"", ""teach.checked_example"", ""assess.mcq"", ""assess.msq"", ""assess.nat"", ""verify.symbolic"", ""verify.dimension"", ""verify.scope""]","[""verification"", ""counterexample_search"", ""representation_generation"", ""question_variation"", ""learner_exploration""]","[""symbolic equivalence"", ""dimension compatibility"", ""determinant/rank/invertibility checks"", ""counterexample search""]","{""scope"": ""scope.resolve + verify.scope"", ""research"": ""research.brief + research.claims + research.sources + research.conflicts"", ""teaching"": [""teach.hook"", ""teach.intuition"", ""teach.formal_anchor"", ""teach.method_selector"", ""teach.checked_example"", ""teach.counterexample"", ""teach.recall"", ""teach.transfer""], ""assessment"": [""assess.mcq"", ""assess.msq"", ""assess.nat"", ""assess.timed"", ""assess.answer_audit""], ""renderers"": [""render.markdown"", ""render.manim"", ""render.question_card""]}","[""visual_first"", ""simple_words"", ""exam_timed"", ""prerequisite_repair"", ""hindi_glossary"", ""formula_light"", ""minimal_delta""]","{""prerequisite_gap"": ""diagnose.prerequisite_probe then delta.select; automatic route requires converging evidence"", ""representation_gap"": ""attach representation shift without rewriting formal anchor"", ""execution_gap"": ""attach checked micro-drill and recompute verification trace"", ""assessment_mode_gap"": ""attach only the failing MCQ/MSQ/NAT/timed/descriptive module"", ""constraint_gap"": ""attach time-risk compression or deadline triage while preserving mandatory conditions"", ""custom_source"": ""register PDF hash/page/source permissions and run conflict analysis before use"", ""verified_computation"": ""store provider/query/assumptions/output/version/reproducibility metadata""}","[""official_syllabus_scope_and_year"", ""official_question_pattern_and_marking_rules"", ""topic_definitions_theorems_algorithms_and_conditions"", ""prerequisite_dependencies_and_common_misconception_hypotheses"", ""historical_question_pattern_coding_with_evidence_label"", ""worked_examples_and_counterexamples"", ""assessment_mode_variants_mcq_msq_nat_and_descriptive_if_applicable"", ""learner_constraints_time_pressure_deadline_confidence_and_accessibility"", ""source_freshness_provenance_and_conflict_check""]","[""scope_and_definition"", ""prerequisite_and_dependency"", ""representation_and_language"", ""method_selection_and_conceptual_reasoning"", ""execution_and_calculation"", ""edge_cases_and_verification"", ""transfer_and_problem_solving"", ""assessment_mode"", ""time_and_exam_strategy"", ""negative_marking_and_risk"", ""retention_and_retrieval"", ""metacognition_and_feedback"", ""constraints_and_affective_load"", ""resource_and_content_fit""]","[""immediate_accuracy"", ""delayed_retrieval"", ""changed_surface_transfer"", ""time_to_method"", ""error_recurrence"", ""hint_dependence"", ""confidence_calibration"", ""support_burden""]","[""scope_pass"", ""claim_ledger_complete"", ""mathematics_pass"", ""assessment_pass"", ""citation_completeness"", ""accessibility_pass"", ""rollback_target_present""]",research_and_verification_required_before_authoritative_release
CA-01,Calculus,Limits,"[""CS"", ""CE"", ""EE"", ""ME"", ""XE-A""]","[""MCQ"", ""MSQ"", ""NAT""]",[],"[""CA-02"", ""CA-04""]",research-required before generation; learner-impact claims require outcome validation,limit,graph/table + one-sided approach,"[""teach.hook"", ""teach.intuition"", ""teach.formal_anchor"", ""teach.method_selector"", ""teach.checked_example"", ""teach.counterexample"", ""assess.mcq"", ""assess.nat"", ""verify.symbolic"", ""verify.scope""]","[""verification"", ""counterexample_search"", ""representation_generation"", ""question_variation"", ""learner_exploration""]","[""one-sided limit recomputation"", ""substitution/indeterminate-form classification"", ""counterexample search""]","{""scope"": ""scope.resolve + verify.scope"", ""research"": ""research.brief + research.claims + research.sources + research.conflicts"", ""teaching"": [""teach.hook"", ""teach.intuition"", ""teach.formal_anchor"", ""teach.method_selector"", ""teach.checked_example"", ""teach.counterexample"", ""teach.recall"", ""teach.transfer""], ""assessment"": [""assess.mcq"", ""assess.msq"", ""assess.nat"", ""assess.timed"", ""assess.answer_audit""], ""renderers"": [""render.markdown"", ""render.manim"", ""render.question_card""]}","[""visual_first"", ""simple_words"", ""exam_timed"", ""prerequisite_repair"", ""hindi_glossary"", ""formula_light"", ""minimal_delta""]","{""prerequisite_gap"": ""diagnose.prerequisite_probe then delta.select; automatic route requires converging evidence"", ""representation_gap"": ""attach representation shift without rewriting formal anchor"", ""execution_gap"": ""attach checked micro-drill and recompute verification trace"", ""assessment_mode_gap"": ""attach only the failing MCQ/MSQ/NAT/timed/descriptive module"", ""constraint_gap"": ""attach time-risk compression or deadline triage while preserving mandatory conditions"", ""custom_source"": ""register PDF hash/page/source permissions and run conflict analysis before use"", ""verified_computation"": ""store provider/query/assumptions/output/version/reproducibility metadata""}","[""official_syllabus_scope_and_year"", ""official_question_pattern_and_marking_rules"", ""topic_definitions_theorems_algorithms_and_conditions"", ""prerequisite_dependencies_and_common_misconception_hypotheses"", ""historical_question_pattern_coding_with_evidence_label"", ""worked_examples_and_counterexamples"", ""assessment_mode_variants_mcq_msq_nat_and_descriptive_if_applicable"", ""learner_constraints_time_pressure_deadline_confidence_and_accessibility"", ""source_freshness_provenance_and_conflict_check""]","[""scope_and_definition"", ""prerequisite_and_dependency"", ""representation_and_language"", ""method_selection_and_conceptual_reasoning"", ""execution_and_calculation"", ""edge_cases_and_verification"", ""transfer_and_problem_solving"", ""assessment_mode"", ""time_and_exam_strategy"", ""negative_marking_and_risk"", ""retention_and_retrieval"", ""metacognition_and_feedback"", ""constraints_and_affective_load"", ""resource_and_content_fit""]","[""immediate_accuracy"", ""delayed_retrieval"", ""changed_surface_transfer"", ""time_to_method"", ""error_recurrence"", ""hint_dependence"", ""confidence_calibration"", ""support_burden""]","[""scope_pass"", ""claim_ledger_complete"", ""mathematics_pass"", ""assessment_pass"", ""citation_completeness"", ""accessibility_pass"", ""rollback_target_present""]",research_and_verification_required_before_authoritative_release
CA-02,Calculus,Indeterminate forms,"[""ME"", ""XE-A and paper-dependent overlap""]","[""MCQ"", ""MSQ"", ""NAT""]","[""CA-01""]","[""CA-03""]",research-required before generation; learner-impact claims require outcome validation,limit,graph/table + one-sided approach,"[""teach.hook"", ""teach.intuition"", ""teach.formal_anchor"", ""teach.method_selector"", ""teach.checked_example"", ""teach.counterexample"", ""assess.mcq"", ""assess.nat"", ""verify.symbolic"", ""verify.scope""]","[""verification"", ""counterexample_search"", ""representation_generation"", ""question_variation"", ""learner_exploration""]","[""one-sided limit recomputation"", ""substitution/indeterminate-form classification"", ""counterexample search""]","{""scope"": ""scope.resolve + verify.scope"", ""research"": ""research.brief + research.claims + research.sources + research.conflicts"", ""teaching"": [""teach.hook"", ""teach.intuition"", ""teach.formal_anchor"", ""teach.method_selector"", ""teach.checked_example"", ""teach.counterexample"", ""teach.recall"", ""teach.transfer""], ""assessment"": [""assess.mcq"", ""assess.msq"", ""assess.nat"", ""assess.timed"", ""assess.answer_audit""], ""renderers"": [""render.markdown"", ""render.manim"", ""render.question_card""]}","[""visual_first"", ""simple_words"", ""exam_timed"", ""prerequisite_repair"", ""hindi_glossary"", ""formula_light"", ""minimal_delta""]","{""prerequisite_gap"": ""diagnose.prerequisite_probe then delta.select; automatic route requires converging evidence"", ""representation_gap"": ""attach representation shift without rewriting formal anchor"", ""execution_gap"": ""attach checked micro-drill and recompute verification trace"", ""assessment_mode_gap"": ""attach only the failing MCQ/MSQ/NAT/timed/descriptive module"", ""constraint_gap"": ""attach time-risk compression or deadline triage while preserving mandatory conditions"", ""custom_source"": ""register PDF hash/page/source permissions and run conflict analysis before use"", ""verified_computation"": ""store provider/query/assumptions/output/version/reproducibility metadata""}","[""official_syllabus_scope_and_year"", ""official_question_pattern_and_marking_rules"", ""topic_definitions_theorems_algorithms_and_conditions"", ""prerequisite_dependencies_and_common_misconception_hypotheses"", ""historical_question_pattern_coding_with_evidence_label"", ""worked_examples_and_counterexamples"", ""assessment_mode_variants_mcq_msq_nat_and_descriptive_if_applicable"", ""learner_constraints_time_pressure_deadline_confidence_and_accessibility"", ""source_freshness_provenance_and_conflict_check""]","[""scope_and_definition"", ""prerequisite_and_dependency"", ""representation_and_language"", ""method_selection_and_conceptual_reasoning"", ""execution_and_calculation"", ""edge_cases_and_verification"", ""transfer_and_problem_solving"", ""assessment_mode"", ""time_and_exam_strategy"", ""negative_marking_and_risk"", ""retention_and_retrieval"", ""metacognition_and_feedback"", ""constraints_and_affective_load"", ""resource_and_content_fit""]","[""immediate_accuracy"", ""delayed_retrieval"", ""changed_surface_transfer"", ""time_to_method"", ""error_recurrence"", ""hint_dependence"", ""confidence_calibration"", ""support_burden""]","[""scope_pass"", ""claim_ledger_complete"", ""mathematics_pass"", ""assessment_pass"", ""citation_completeness"", ""accessibility_pass"", ""rollback_target_present""]",research_and_verification_required_before_authoritative_release
CA-03,Calculus,L’Hospital’s rule,"[""XE-A and branch-dependent scope""]","[""MCQ"", ""MSQ"", ""NAT""]","[""CA-02""]",[],research-required before generation; learner-impact claims require outcome validation,derivative,slope/rate graph + local linearization,"[""teach.hook"", ""teach.intuition"", ""teach.formal_anchor"", ""teach.method_selector"", ""teach.checked_example"", ""teach.counterexample"", ""assess.mcq"", ""assess.msq"", ""assess.nat"", ""verify.symbolic""]","[""verification"", ""counterexample_search"", ""representation_generation"", ""question_variation"", ""learner_exploration""]","[""symbolic derivative recomputation"", ""condition checks"", ""graph/slope sanity check""]","{""scope"": ""scope.resolve + verify.scope"", ""research"": ""research.brief + research.claims + research.sources + research.conflicts"", ""teaching"": [""teach.hook"", ""teach.intuition"", ""teach.formal_anchor"", ""teach.method_selector"", ""teach.checked_example"", ""teach.counterexample"", ""teach.recall"", ""teach.transfer""], ""assessment"": [""assess.mcq"", ""assess.msq"", ""assess.nat"", ""assess.timed"", ""assess.answer_audit""], ""renderers"": [""render.markdown"", ""render.manim"", ""render.question_card""]}","[""visual_first"", ""simple_words"", ""exam_timed"", ""prerequisite_repair"", ""hindi_glossary"", ""formula_light"", ""minimal_delta""]","{""prerequisite_gap"": ""diagnose.prerequisite_probe then delta.select; automatic route requires converging evidence"", ""representation_gap"": ""attach representation shift without rewriting formal anchor"", ""execution_gap"": ""attach checked micro-drill and recompute verification trace"", ""assessment_mode_gap"": ""attach only the failing MCQ/MSQ/NAT/timed/descriptive module"", ""constraint_gap"": ""attach time-risk compression or deadline triage while preserving mandatory conditions"", ""custom_source"": ""register PDF hash/page/source permissions and run conflict analysis before use"", ""verified_computation"": ""store provider/query/assumptions/output/version/reproducibility metadata""}","[""official_syllabus_scope_and_year"", ""official_question_pattern_and_marking_rules"", ""topic_definitions_theorems_algorithms_and_conditions"", ""prerequisite_dependencies_and_common_misconception_hypotheses"", ""historical_question_pattern_coding_with_evidence_label"", ""worked_examples_and_counterexamples"", ""assessment_mode_variants_mcq_msq_nat_and_descriptive_if_applicable"", ""learner_constraints_time_pressure_deadline_confidence_and_accessibility"", ""source_freshness_provenance_and_conflict_check""]","[""scope_and_definition"", ""prerequisite_and_dependency"", ""representation_and_language"", ""method_selection_and_conceptual_reasoning"", ""execution_and_calculation"", ""edge_cases_and_verification"", ""transfer_and_problem_solving"", ""assessment_mode"", ""time_and_exam_strategy"", ""negative_marking_and_risk"", ""retention_and_retrieval"", ""metacognition_and_feedback"", ""constraints_and_affective_load"", ""resource_and_content_fit""]","[""immediate_accuracy"", ""delayed_retrieval"", ""changed_surface_transfer"", ""time_to_method"", ""error_recurrence"", ""hint_dependence"", ""confidence_calibration"", ""support_burden""]","[""scope_pass"", ""claim_ledger_complete"", ""mathematics_pass"", ""assessment_pass"", ""citation_completeness"", ""accessibility_pass"", ""rollback_target_present""]",research_and_verification_required_before_authoritative_release
CA-04,Calculus,Continuity,"[""CS"", ""CE"", ""ME"", ""XE-A""]","[""MCQ"", ""MSQ"", ""NAT""]","[""CA-01""]","[""CA-05""]",research-required before generation; learner-impact claims require outcome validation,limit,graph/table + one-sided approach,"[""teach.hook"", ""teach.intuition"", ""teach.formal_anchor"", ""teach.method_selector"", ""teach.checked_example"", ""teach.counterexample"", ""assess.mcq"", ""assess.nat"", ""verify.symbolic"", ""verify.scope""]","[""verification"", ""counterexample_search"", ""representation_generation"", ""question_variation"", ""learner_exploration""]","[""one-sided limit recomputation"", ""substitution/indeterminate-form classification"", ""counterexample search""]","{""scope"": ""scope.resolve + verify.scope"", ""research"": ""research.brief + research.claims + research.sources + research.conflicts"", ""teaching"": [""teach.hook"", ""teach.intuition"", ""teach.formal_anchor"", ""teach.method_selector"", ""teach.checked_example"", ""teach.counterexample"", ""teach.recall"", ""teach.transfer""], ""assessment"": [""assess.mcq"", ""assess.msq"", ""assess.nat"", ""assess.timed"", ""assess.answer_audit""], ""renderers"": [""render.markdown"", ""render.manim"", ""render.question_card""]}","[""visual_first"", ""simple_words"", ""exam_timed"", ""prerequisite_repair"", ""hindi_glossary"", ""formula_light"", ""minimal_delta""]","{""prerequisite_gap"": ""diagnose.prerequisite_probe then delta.select; automatic route requires converging evidence"", ""representation_gap"": ""attach representation shift without rewriting formal anchor"", ""execution_gap"": ""attach checked micro-drill and recompute verification trace"", ""assessment_mode_gap"": ""attach only the failing MCQ/MSQ/NAT/timed/descriptive module"", ""constraint_gap"": ""attach time-risk compression or deadline triage while preserving mandatory conditions"", ""custom_source"": ""register PDF hash/page/source permissions and run conflict analysis before use"", ""verified_computation"": ""store provider/query/assumptions/output/version/reproducibility metadata""}","[""official_syllabus_scope_and_year"", ""official_question_pattern_and_marking_rules"", ""topic_definitions_theorems_algorithms_and_conditions"", ""prerequisite_dependencies_and_common_misconception_hypotheses"", ""historical_question_pattern_coding_with_evidence_label"", ""worked_examples_and_counterexamples"", ""assessment_mode_variants_mcq_msq_nat_and_descriptive_if_applicable"", ""learner_constraints_time_pressure_deadline_confidence_and_accessibility"", ""source_freshness_provenance_and_conflict_check""]","[""scope_and_definition"", ""prerequisite_and_dependency"", ""representation_and_language"", ""method_selection_and_conceptual_reasoning"", ""execution_and_calculation"", ""edge_cases_and_verification"", ""transfer_and_problem_solving"", ""assessment_mode"", ""time_and_exam_strategy"", ""negative_marking_and_risk"", ""retention_and_retrieval"", ""metacognition_and_feedback"", ""constraints_and_affective_load"", ""resource_and_content_fit""]","[""immediate_accuracy"", ""delayed_retrieval"", ""changed_surface_transfer"", ""time_to_method"", ""error_recurrence"", ""hint_dependence"", ""confidence_calibration"", ""support_burden""]","[""scope_pass"", ""claim_ledger_complete"", ""mathematics_pass"", ""assessment_pass"", ""citation_completeness"", ""accessibility_pass"", ""rollback_target_present""]",research_and_verification_required_before_authoritative_release
CA-05,Calculus,Differentiability,"[""CS"", ""CE"", ""ME"", ""XE-A""]","[""MCQ"", ""MSQ"", ""NAT""]","[""CA-04""]","[""CA-06"", ""CA-07"", ""CA-08"", ""DE-01"", ""DE-02"", ""DE-05"", ""NM-07"", ""NM-10""]",research-required before generation; learner-impact claims require outcome validation,derivative,slope/rate graph + local linearization,"[""teach.hook"", ""teach.intuition"", ""teach.formal_anchor"", ""teach.method_selector"", ""teach.checked_example"", ""teach.counterexample"", ""assess.mcq"", ""assess.msq"", ""assess.nat"", ""verify.symbolic""]","[""verification"", ""counterexample_search"", ""representation_generation"", ""question_variation"", ""learner_exploration""]","[""symbolic derivative recomputation"", ""condition checks"", ""graph/slope sanity check""]","{""scope"": ""scope.resolve + verify.scope"", ""research"": ""research.brief + research.claims + research.sources + research.conflicts"", ""teaching"": [""teach.hook"", ""teach.intuition"", ""teach.formal_anchor"", ""teach.method_selector"", ""teach.checked_example"", ""teach.counterexample"", ""teach.recall"", ""teach.transfer""], ""assessment"": [""assess.mcq"", ""assess.msq"", ""assess.nat"", ""assess.timed"", ""assess.answer_audit""], ""renderers"": [""render.markdown"", ""render.manim"", ""render.question_card""]}","[""visual_first"", ""simple_words"", ""exam_timed"", ""prerequisite_repair"", ""hindi_glossary"", ""formula_light"", ""minimal_delta""]","{""prerequisite_gap"": ""diagnose.prerequisite_probe then delta.select; automatic route requires converging evidence"", ""representation_gap"": ""attach representation shift without rewriting formal anchor"", ""execution_gap"": ""attach checked micro-drill and recompute verification trace"", ""assessment_mode_gap"": ""attach only the failing MCQ/MSQ/NAT/timed/descriptive module"", ""constraint_gap"": ""attach time-risk compression or deadline triage while preserving mandatory conditions"", ""custom_source"": ""register PDF hash/page/source permissions and run conflict analysis before use"", ""verified_computation"": ""store provider/query/assumptions/output/version/reproducibility metadata""}","[""official_syllabus_scope_and_year"", ""official_question_pattern_and_marking_rules"", ""topic_definitions_theorems_algorithms_and_conditions"", ""prerequisite_dependencies_and_common_misconception_hypotheses"", ""historical_question_pattern_coding_with_evidence_label"", ""worked_examples_and_counterexamples"", ""assessment_mode_variants_mcq_msq_nat_and_descriptive_if_applicable"", ""learner_constraints_time_pressure_deadline_confidence_and_accessibility"", ""source_freshness_provenance_and_conflict_check""]","[""scope_and_definition"", ""prerequisite_and_dependency"", ""representation_and_language"", ""method_selection_and_conceptual_reasoning"", ""execution_and_calculation"", ""edge_cases_and_verification"", ""transfer_and_problem_solving"", ""assessment_mode"", ""time_and_exam_strategy"", ""negative_marking_and_risk"", ""retention_and_retrieval"", ""metacognition_and_feedback"", ""constraints_and_affective_load"", ""resource_and_content_fit""]","[""immediate_accuracy"", ""delayed_retrieval"", ""changed_surface_transfer"", ""time_to_method"", ""error_recurrence"", ""hint_dependence"", ""confidence_calibration"", ""support_burden""]","[""scope_pass"", ""claim_ledger_complete"", ""mathematics_pass"", ""assessment_pass"", ""citation_completeness"", ""accessibility_pass"", ""rollback_target_present""]",research_and_verification_required_before_authoritative_release
CA-06,Calculus,Mean value theorems,"[""CS"", ""CE"", ""XE-A""]","[""MCQ"", ""MSQ"", ""NAT""]","[""CA-05""]",[],research-required before generation; learner-impact claims require outcome validation,derivative,slope/rate graph + local linearization,"[""teach.hook"", ""teach.intuition"", ""teach.formal_anchor"", ""teach.method_selector"", ""teach.checked_example"", ""teach.counterexample"", ""assess.mcq"", ""assess.msq"", ""assess.nat"", ""verify.symbolic""]","[""verification"", ""counterexample_search"", ""representation_generation"", ""question_variation"", ""learner_exploration""]","[""symbolic derivative recomputation"", ""condition checks"", ""graph/slope sanity check""]","{""scope"": ""scope.resolve + verify.scope"", ""research"": ""research.brief + research.claims + research.sources + research.conflicts"", ""teaching"": [""teach.hook"", ""teach.intuition"", ""teach.formal_anchor"", ""teach.method_selector"", ""teach.checked_example"", ""teach.counterexample"", ""teach.recall"", ""teach.transfer""], ""assessment"": [""assess.mcq"", ""assess.msq"", ""assess.nat"", ""assess.timed"", ""assess.answer_audit""], ""renderers"": [""render.markdown"", ""render.manim"", ""render.question_card""]}","[""visual_first"", ""simple_words"", ""exam_timed"", ""prerequisite_repair"", ""hindi_glossary"", ""formula_light"", ""minimal_delta""]","{""prerequisite_gap"": ""diagnose.prerequisite_probe then delta.select; automatic route requires converging evidence"", ""representation_gap"": ""attach representation shift without rewriting formal anchor"", ""execution_gap"": ""attach checked micro-drill and recompute verification trace"", ""assessment_mode_gap"": ""attach only the failing MCQ/MSQ/NAT/timed/descriptive module"", ""constraint_gap"": ""attach time-risk compression or deadline triage while preserving mandatory conditions"", ""custom_source"": ""register PDF hash/page/source permissions and run conflict analysis before use"", ""verified_computation"": ""store provider/query/assumptions/output/version/reproducibility metadata""}","[""official_syllabus_scope_and_year"", ""official_question_pattern_and_marking_rules"", ""topic_definitions_theorems_algorithms_and_conditions"", ""prerequisite_dependencies_and_common_misconception_hypotheses"", ""historical_question_pattern_coding_with_evidence_label"", ""worked_examples_and_counterexamples"", ""assessment_mode_variants_mcq_msq_nat_and_descriptive_if_applicable"", ""learner_constraints_time_pressure_deadline_confidence_and_accessibility"", ""source_freshness_provenance_and_conflict_check""]","[""scope_and_definition"", ""prerequisite_and_dependency"", ""representation_and_language"", ""method_selection_and_conceptual_reasoning"", ""execution_and_calculation"", ""edge_cases_and_verification"", ""transfer_and_problem_solving"", ""assessment_mode"", ""time_and_exam_strategy"", ""negative_marking_and_risk"", ""retention_and_retrieval"", ""metacognition_and_feedback"", ""constraints_and_affective_load"", ""resource_and_content_fit""]","[""immediate_accuracy"", ""delayed_retrieval"", ""changed_surface_transfer"", ""time_to_method"", ""error_recurrence"", ""hint_dependence"", ""confidence_calibration"", ""support_burden""]","[""scope_pass"", ""claim_ledger_complete"", ""mathematics_pass"", ""assessment_pass"", ""citation_completeness"", ""accessibility_pass"", ""rollback_target_present""]",research_and_verification_required_before_authoritative_release
CA-07,Calculus,Maxima and minima of one variable,"[""CS"", ""CE"", ""ME"", ""XE-A""]","[""MCQ"", ""MSQ"", ""NAT""]","[""CA-05""]",[],research-required before generation; learner-impact claims require outcome validation,derivative,slope/rate graph + local linearization,"[""teach.hook"", ""teach.intuition"", ""teach.formal_anchor"", ""teach.method_selector"", ""teach.checked_example"", ""teach.counterexample"", ""assess.mcq"", ""assess.msq"", ""assess.nat"", ""verify.symbolic""]","[""verification"", ""counterexample_search"", ""representation_generation"", ""question_variation"", ""learner_exploration""]","[""symbolic derivative recomputation"", ""condition checks"", ""graph/slope sanity check""]","{""scope"": ""scope.resolve + verify.scope"", ""research"": ""research.brief + research.claims + research.sources + research.conflicts"", ""teaching"": [""teach.hook"", ""teach.intuition"", ""teach.formal_anchor"", ""teach.method_selector"", ""teach.checked_example"", ""teach.counterexample"", ""teach.recall"", ""teach.transfer""], ""assessment"": [""assess.mcq"", ""assess.msq"", ""assess.nat"", ""assess.timed"", ""assess.answer_audit""], ""renderers"": [""render.markdown"", ""render.manim"", ""render.question_card""]}","[""visual_first"", ""simple_words"", ""exam_timed"", ""prerequisite_repair"", ""hindi_glossary"", ""formula_light"", ""minimal_delta""]","{""prerequisite_gap"": ""diagnose.prerequisite_probe then delta.select; automatic route requires converging evidence"", ""representation_gap"": ""attach representation shift without rewriting formal anchor"", ""execution_gap"": ""attach checked micro-drill and recompute verification trace"", ""assessment_mode_gap"": ""attach only the failing MCQ/MSQ/NAT/timed/descriptive module"", ""constraint_gap"": ""attach time-risk compression or deadline triage while preserving mandatory conditions"", ""custom_source"": ""register PDF hash/page/source permissions and run conflict analysis before use"", ""verified_computation"": ""store provider/query/assumptions/output/version/reproducibility metadata""}","[""official_syllabus_scope_and_year"", ""official_question_pattern_and_marking_rules"", ""topic_definitions_theorems_algorithms_and_conditions"", ""prerequisite_dependencies_and_common_misconception_hypotheses"", ""historical_question_pattern_coding_with_evidence_label"", ""worked_examples_and_counterexamples"", ""assessment_mode_variants_mcq_msq_nat_and_descriptive_if_applicable"", ""learner_constraints_time_pressure_deadline_confidence_and_accessibility"", ""source_freshness_provenance_and_conflict_check""]","[""scope_and_definition"", ""prerequisite_and_dependency"", ""representation_and_language"", ""method_selection_and_conceptual_reasoning"", ""execution_and_calculation"", ""edge_cases_and_verification"", ""transfer_and_problem_solving"", ""assessment_mode"", ""time_and_exam_strategy"", ""negative_marking_and_risk"", ""retention_and_retrieval"", ""metacognition_and_feedback"", ""constraints_and_affective_load"", ""resource_and_content_fit""]","[""immediate_accuracy"", ""delayed_retrieval"", ""changed_surface_transfer"", ""time_to_method"", ""error_recurrence"", ""hint_dependence"", ""confidence_calibration"", ""support_burden""]","[""scope_pass"", ""claim_ledger_complete"", ""mathematics_pass"", ""assessment_pass"", ""citation_completeness"", ""accessibility_pass"", ""rollback_target_present""]",research_and_verification_required_before_authoritative_release
CA-08,Calculus,Taylor theorem and remainder,"[""XE-A and branch-dependent scope""]","[""MCQ"", ""MSQ"", ""NAT""]","[""CA-05""]","[""CA-09""]",research-required before generation; learner-impact claims require outcome validation,derivative,slope/rate graph + local linearization,"[""teach.hook"", ""teach.intuition"", ""teach.formal_anchor"", ""teach.method_selector"", ""teach.checked_example"", ""teach.counterexample"", ""assess.mcq"", ""assess.msq"", ""assess.nat"", ""verify.symbolic""]","[""verification"", ""counterexample_search"", ""representation_generation"", ""question_variation"", ""learner_exploration""]","[""symbolic derivative recomputation"", ""condition checks"", ""graph/slope sanity check""]","{""scope"": ""scope.resolve + verify.scope"", ""research"": ""research.brief + research.claims + research.sources + research.conflicts"", ""teaching"": [""teach.hook"", ""teach.intuition"", ""teach.formal_anchor"", ""teach.method_selector"", ""teach.checked_example"", ""teach.counterexample"", ""teach.recall"", ""teach.transfer""], ""assessment"": [""assess.mcq"", ""assess.msq"", ""assess.nat"", ""assess.timed"", ""assess.answer_audit""], ""renderers"": [""render.markdown"", ""render.manim"", ""render.question_card""]}","[""visual_first"", ""simple_words"", ""exam_timed"", ""prerequisite_repair"", ""hindi_glossary"", ""formula_light"", ""minimal_delta""]","{""prerequisite_gap"": ""diagnose.prerequisite_probe then delta.select; automatic route requires converging evidence"", ""representation_gap"": ""attach representation shift without rewriting formal anchor"", ""execution_gap"": ""attach checked micro-drill and recompute verification trace"", ""assessment_mode_gap"": ""attach only the failing MCQ/MSQ/NAT/timed/descriptive module"", ""constraint_gap"": ""attach time-risk compression or deadline triage while preserving mandatory conditions"", ""custom_source"": ""register PDF hash/page/source permissions and run conflict analysis before use"", ""verified_computation"": ""store provider/query/assumptions/output/version/reproducibility metadata""}","[""official_syllabus_scope_and_year"", ""official_question_pattern_and_marking_rules"", ""topic_definitions_theorems_algorithms_and_conditions"", ""prerequisite_dependencies_and_common_misconception_hypotheses"", ""historical_question_pattern_coding_with_evidence_label"", ""worked_examples_and_counterexamples"", ""assessment_mode_variants_mcq_msq_nat_and_descriptive_if_applicable"", ""learner_constraints_time_pressure_deadline_confidence_and_accessibility"", ""source_freshness_provenance_and_conflict_check""]","[""scope_and_definition"", ""prerequisite_and_dependency"", ""representation_and_language"", ""method_selection_and_conceptual_reasoning"", ""execution_and_calculation"", ""edge_cases_and_verification"", ""transfer_and_problem_solving"", ""assessment_mode"", ""time_and_exam_strategy"", ""negative_marking_and_risk"", ""retention_and_retrieval"", ""metacognition_and_feedback"", ""constraints_and_affective_load"", ""resource_and_content_fit""]","[""immediate_accuracy"", ""delayed_retrieval"", ""changed_surface_transfer"", ""time_to_method"", ""error_recurrence"", ""hint_dependence"", ""confidence_calibration"", ""support_burden""]","[""scope_pass"", ""claim_ledger_complete"", ""mathematics_pass"", ""assessment_pass"", ""citation_completeness"", ""accessibility_pass"", ""rollback_target_present""]",research_and_verification_required_before_authoritative_release
CA-09,Calculus,Taylor series,"[""CS/CE/ME/XE-A in varying depth""]","[""MCQ"", ""MSQ"", ""NAT""]","[""CA-08""]","[""PD-06""]",research-required before generation; learner-impact claims require outcome validation,derivative,slope/rate graph + local linearization,"[""teach.hook"", ""teach.intuition"", ""teach.formal_anchor"", ""teach.method_selector"", ""teach.checked_example"", ""teach.counterexample"", ""assess.mcq"", ""assess.msq"", ""assess.nat"", ""verify.symbolic""]","[""verification"", ""counterexample_search"", ""representation_generation"", ""question_variation"", ""learner_exploration""]","[""symbolic derivative recomputation"", ""condition checks"", ""graph/slope sanity check""]","{""scope"": ""scope.resolve + verify.scope"", ""research"": ""research.brief + research.claims + research.sources + research.conflicts"", ""teaching"": [""teach.hook"", ""teach.intuition"", ""teach.formal_anchor"", ""teach.method_selector"", ""teach.checked_example"", ""teach.counterexample"", ""teach.recall"", ""teach.transfer""], ""assessment"": [""assess.mcq"", ""assess.msq"", ""assess.nat"", ""assess.timed"", ""assess.answer_audit""], ""renderers"": [""render.markdown"", ""render.manim"", ""render.question_card""]}","[""visual_first"", ""simple_words"", ""exam_timed"", ""prerequisite_repair"", ""hindi_glossary"", ""formula_light"", ""minimal_delta""]","{""prerequisite_gap"": ""diagnose.prerequisite_probe then delta.select; automatic route requires converging evidence"", ""representation_gap"": ""attach representation shift without rewriting formal anchor"", ""execution_gap"": ""attach checked micro-drill and recompute verification trace"", ""assessment_mode_gap"": ""attach only the failing MCQ/MSQ/NAT/timed/descriptive module"", ""constraint_gap"": ""attach time-risk compression or deadline triage while preserving mandatory conditions"", ""custom_source"": ""register PDF hash/page/source permissions and run conflict analysis before use"", ""verified_computation"": ""store provider/query/assumptions/output/version/reproducibility metadata""}","[""official_syllabus_scope_and_year"", ""official_question_pattern_and_marking_rules"", ""topic_definitions_theorems_algorithms_and_conditions"", ""prerequisite_dependencies_and_common_misconception_hypotheses"", ""historical_question_pattern_coding_with_evidence_label"", ""worked_examples_and_counterexamples"", ""assessment_mode_variants_mcq_msq_nat_and_descriptive_if_applicable"", ""learner_constraints_time_pressure_deadline_confidence_and_accessibility"", ""source_freshness_provenance_and_conflict_check""]","[""scope_and_definition"", ""prerequisite_and_dependency"", ""representation_and_language"", ""method_selection_and_conceptual_reasoning"", ""execution_and_calculation"", ""edge_cases_and_verification"", ""transfer_and_problem_solving"", ""assessment_mode"", ""time_and_exam_strategy"", ""negative_marking_and_risk"", ""retention_and_retrieval"", ""metacognition_and_feedback"", ""constraints_and_affective_load"", ""resource_and_content_fit""]","[""immediate_accuracy"", ""delayed_retrieval"", ""changed_surface_transfer"", ""time_to_method"", ""error_recurrence"", ""hint_dependence"", ""confidence_calibration"", ""support_burden""]","[""scope_pass"", ""claim_ledger_complete"", ""mathematics_pass"", ""assessment_pass"", ""citation_completeness"", ""accessibility_pass"", ""rollback_target_present""]",research_and_verification_required_before_authoritative_release
CA-10,Calculus,Fundamental theorem of integral calculus,"[""XE-A and branch-dependent scope""]","[""MCQ"", ""MSQ"", ""NAT""]",[],"[""CA-11""]",research-required before generation; learner-impact claims require outcome validation,integral,accumulation/area + bounds,"[""teach.hook"", ""teach.intuition"", ""teach.formal_anchor"", ""teach.method_selector"", ""teach.checked_example"", ""teach.counterexample"", ""assess.mcq"", ""assess.nat"", ""verify.symbolic"", ""verify.numeric""]","[""verification"", ""counterexample_search"", ""representation_generation"", ""question_variation"", ""learner_exploration""]","[""antiderivative/differentiation check"", ""bound and sign check"", ""convergence check""]","{""scope"": ""scope.resolve + verify.scope"", ""research"": ""research.brief + research.claims + research.sources + research.conflicts"", ""teaching"": [""teach.hook"", ""teach.intuition"", ""teach.formal_anchor"", ""teach.method_selector"", ""teach.checked_example"", ""teach.counterexample"", ""teach.recall"", ""teach.transfer""], ""assessment"": [""assess.mcq"", ""assess.msq"", ""assess.nat"", ""assess.timed"", ""assess.answer_audit""], ""renderers"": [""render.markdown"", ""render.manim"", ""render.question_card""]}","[""visual_first"", ""simple_words"", ""exam_timed"", ""prerequisite_repair"", ""hindi_glossary"", ""formula_light"", ""minimal_delta""]","{""prerequisite_gap"": ""diagnose.prerequisite_probe then delta.select; automatic route requires converging evidence"", ""representation_gap"": ""attach representation shift without rewriting formal anchor"", ""execution_gap"": ""attach checked micro-drill and recompute verification trace"", ""assessment_mode_gap"": ""attach only the failing MCQ/MSQ/NAT/timed/descriptive module"", ""constraint_gap"": ""attach time-risk compression or deadline triage while preserving mandatory conditions"", ""custom_source"": ""register PDF hash/page/source permissions and run conflict analysis before use"", ""verified_computation"": ""store provider/query/assumptions/output/version/reproducibility metadata""}","[""official_syllabus_scope_and_year"", ""official_question_pattern_and_marking_rules"", ""topic_definitions_theorems_algorithms_and_conditions"", ""prerequisite_dependencies_and_common_misconception_hypotheses"", ""historical_question_pattern_coding_with_evidence_label"", ""worked_examples_and_counterexamples"", ""assessment_mode_variants_mcq_msq_nat_and_descriptive_if_applicable"", ""learner_constraints_time_pressure_deadline_confidence_and_accessibility"", ""source_freshness_provenance_and_conflict_check""]","[""scope_and_definition"", ""prerequisite_and_dependency"", ""representation_and_language"", ""method_selection_and_conceptual_reasoning"", ""execution_and_calculation"", ""edge_cases_and_verification"", ""transfer_and_problem_solving"", ""assessment_mode"", ""time_and_exam_strategy"", ""negative_marking_and_risk"", ""retention_and_retrieval"", ""metacognition_and_feedback"", ""constraints_and_affective_load"", ""resource_and_content_fit""]","[""immediate_accuracy"", ""delayed_retrieval"", ""changed_surface_transfer"", ""time_to_method"", ""error_recurrence"", ""hint_dependence"", ""confidence_calibration"", ""support_burden""]","[""scope_pass"", ""claim_ledger_complete"", ""mathematics_pass"", ""assessment_pass"", ""citation_completeness"", ""accessibility_pass"", ""rollback_target_present""]",research_and_verification_required_before_authoritative_release
CA-11,Calculus,Definite integrals,"[""CS"", ""CE"", ""EE"", ""ME"", ""XE-A""]","[""MCQ"", ""MSQ"", ""NAT""]","[""CA-10""]","[""CA-12"", ""CA-13"", ""DE-01"", ""DE-02"", ""DE-05"", ""NM-08"", ""NM-09"", ""PD-06""]",research-required before generation; learner-impact claims require outcome validation,integral,accumulation/area + bounds,"[""teach.hook"", ""teach.intuition"", ""teach.formal_anchor"", ""teach.method_selector"", ""teach.checked_example"", ""teach.counterexample"", ""assess.mcq"", ""assess.nat"", ""verify.symbolic"", ""verify.numeric""]","[""verification"", ""counterexample_search"", ""representation_generation"", ""question_variation"", ""learner_exploration""]","[""antiderivative/differentiation check"", ""bound and sign check"", ""convergence check""]","{""scope"": ""scope.resolve + verify.scope"", ""research"": ""research.brief + research.claims + research.sources + research.conflicts"", ""teaching"": [""teach.hook"", ""teach.intuition"", ""teach.formal_anchor"", ""teach.method_selector"", ""teach.checked_example"", ""teach.counterexample"", ""teach.recall"", ""teach.transfer""], ""assessment"": [""assess.mcq"", ""assess.msq"", ""assess.nat"", ""assess.timed"", ""assess.answer_audit""], ""renderers"": [""render.markdown"", ""render.manim"", ""render.question_card""]}","[""visual_first"", ""simple_words"", ""exam_timed"", ""prerequisite_repair"", ""hindi_glossary"", ""formula_light"", ""minimal_delta""]","{""prerequisite_gap"": ""diagnose.prerequisite_probe then delta.select; automatic route requires converging evidence"", ""representation_gap"": ""attach representation shift without rewriting formal anchor"", ""execution_gap"": ""attach checked micro-drill and recompute verification trace"", ""assessment_mode_gap"": ""attach only the failing MCQ/MSQ/NAT/timed/descriptive module"", ""constraint_gap"": ""attach time-risk compression or deadline triage while preserving mandatory conditions"", ""custom_source"": ""register PDF hash/page/source permissions and run conflict analysis before use"", ""verified_computation"": ""store provider/query/assumptions/output/version/reproducibility metadata""}","[""official_syllabus_scope_and_year"", ""official_question_pattern_and_marking_rules"", ""topic_definitions_theorems_algorithms_and_conditions"", ""prerequisite_dependencies_and_common_misconception_hypotheses"", ""historical_question_pattern_coding_with_evidence_label"", ""worked_examples_and_counterexamples"", ""assessment_mode_variants_mcq_msq_nat_and_descriptive_if_applicable"", ""learner_constraints_time_pressure_deadline_confidence_and_accessibility"", ""source_freshness_provenance_and_conflict_check""]","[""scope_and_definition"", ""prerequisite_and_dependency"", ""representation_and_language"", ""method_selection_and_conceptual_reasoning"", ""execution_and_calculation"", ""edge_cases_and_verification"", ""transfer_and_problem_solving"", ""assessment_mode"", ""time_and_exam_strategy"", ""negative_marking_and_risk"", ""retention_and_retrieval"", ""metacognition_and_feedback"", ""constraints_and_affective_load"", ""resource_and_content_fit""]","[""immediate_accuracy"", ""delayed_retrieval"", ""changed_surface_transfer"", ""time_to_method"", ""error_recurrence"", ""hint_dependence"", ""confidence_calibration"", ""support_burden""]","[""scope_pass"", ""claim_ledger_complete"", ""mathematics_pass"", ""assessment_pass"", ""citation_completeness"", ""accessibility_pass"", ""rollback_target_present""]",research_and_verification_required_before_authoritative_release
CA-12,Calculus,Improper integrals,"[""CE"", ""EE"", ""ME"", ""XE-A""]","[""MCQ"", ""MSQ"", ""NAT""]","[""CA-11""]",[],research-required before generation; learner-impact claims require outcome validation,integral,accumulation/area + bounds,"[""teach.hook"", ""teach.intuition"", ""teach.formal_anchor"", ""teach.method_selector"", ""teach.checked_example"", ""teach.counterexample"", ""assess.mcq"", ""assess.nat"", ""verify.symbolic"", ""verify.numeric""]","[""verification"", ""counterexample_search"", ""representation_generation"", ""question_variation"", ""learner_exploration""]","[""antiderivative/differentiation check"", ""bound and sign check"", ""convergence check""]","{""scope"": ""scope.resolve + verify.scope"", ""research"": ""research.brief + research.claims + research.sources + research.conflicts"", ""teaching"": [""teach.hook"", ""teach.intuition"", ""teach.formal_anchor"", ""teach.method_selector"", ""teach.checked_example"", ""teach.counterexample"", ""teach.recall"", ""teach.transfer""], ""assessment"": [""assess.mcq"", ""assess.msq"", ""assess.nat"", ""assess.timed"", ""assess.answer_audit""], ""renderers"": [""render.markdown"", ""render.manim"", ""render.question_card""]}","[""visual_first"", ""simple_words"", ""exam_timed"", ""prerequisite_repair"", ""hindi_glossary"", ""formula_light"", ""minimal_delta""]","{""prerequisite_gap"": ""diagnose.prerequisite_probe then delta.select; automatic route requires converging evidence"", ""representation_gap"": ""attach representation shift without rewriting formal anchor"", ""execution_gap"": ""attach checked micro-drill and recompute verification trace"", ""assessment_mode_gap"": ""attach only the failing MCQ/MSQ/NAT/timed/descriptive module"", ""constraint_gap"": ""attach time-risk compression or deadline triage while preserving mandatory conditions"", ""custom_source"": ""register PDF hash/page/source permissions and run conflict analysis before use"", ""verified_computation"": ""store provider/query/assumptions/output/version/reproducibility metadata""}","[""official_syllabus_scope_and_year"", ""official_question_pattern_and_marking_rules"", ""topic_definitions_theorems_algorithms_and_conditions"", ""prerequisite_dependencies_and_common_misconception_hypotheses"", ""historical_question_pattern_coding_with_evidence_label"", ""worked_examples_and_counterexamples"", ""assessment_mode_variants_mcq_msq_nat_and_descriptive_if_applicable"", ""learner_constraints_time_pressure_deadline_confidence_and_accessibility"", ""source_freshness_provenance_and_conflict_check""]","[""scope_and_definition"", ""prerequisite_and_dependency"", ""representation_and_language"", ""method_selection_and_conceptual_reasoning"", ""execution_and_calculation"", ""edge_cases_and_verification"", ""transfer_and_problem_solving"", ""assessment_mode"", ""time_and_exam_strategy"", ""negative_marking_and_risk"", ""retention_and_retrieval"", ""metacognition_and_feedback"", ""constraints_and_affective_load"", ""resource_and_content_fit""]","[""immediate_accuracy"", ""delayed_retrieval"", ""changed_surface_transfer"", ""time_to_method"", ""error_recurrence"", ""hint_dependence"", ""confidence_calibration"", ""support_burden""]","[""scope_pass"", ""claim_ledger_complete"", ""mathematics_pass"", ""assessment_pass"", ""citation_completeness"", ""accessibility_pass"", ""rollback_target_present""]",research_and_verification_required_before_authoritative_release
CA-13,Calculus,Area under curves,"[""CE"", ""ME"", ""XE-A""]","[""MCQ"", ""MSQ"", ""NAT""]","[""CA-11""]","[""CA-14""]",research-required before generation; learner-impact claims require outcome validation,integral,accumulation/area + bounds,"[""teach.hook"", ""teach.intuition"", ""teach.formal_anchor"", ""teach.method_selector"", ""teach.checked_example"", ""teach.counterexample"", ""assess.mcq"", ""assess.nat"", ""verify.symbolic"", ""verify.numeric""]","[""verification"", ""counterexample_search"", ""representation_generation"", ""question_variation"", ""learner_exploration""]","[""antiderivative/differentiation check"", ""bound and sign check"", ""convergence check""]","{""scope"": ""scope.resolve + verify.scope"", ""research"": ""research.brief + research.claims + research.sources + research.conflicts"", ""teaching"": [""teach.hook"", ""teach.intuition"", ""teach.formal_anchor"", ""teach.method_selector"", ""teach.checked_example"", ""teach.counterexample"", ""teach.recall"", ""teach.transfer""], ""assessment"": [""assess.mcq"", ""assess.msq"", ""assess.nat"", ""assess.timed"", ""assess.answer_audit""], ""renderers"": [""render.markdown"", ""render.manim"", ""render.question_card""]}","[""visual_first"", ""simple_words"", ""exam_timed"", ""prerequisite_repair"", ""hindi_glossary"", ""formula_light"", ""minimal_delta""]","{""prerequisite_gap"": ""diagnose.prerequisite_probe then delta.select; automatic route requires converging evidence"", ""representation_gap"": ""attach representation shift without rewriting formal anchor"", ""execution_gap"": ""attach checked micro-drill and recompute verification trace"", ""assessment_mode_gap"": ""attach only the failing MCQ/MSQ/NAT/timed/descriptive module"", ""constraint_gap"": ""attach time-risk compression or deadline triage while preserving mandatory conditions"", ""custom_source"": ""register PDF hash/page/source permissions and run conflict analysis before use"", ""verified_computation"": ""store provider/query/assumptions/output/version/reproducibility metadata""}","[""official_syllabus_scope_and_year"", ""official_question_pattern_and_marking_rules"", ""topic_definitions_theorems_algorithms_and_conditions"", ""prerequisite_dependencies_and_common_misconception_hypotheses"", ""historical_question_pattern_coding_with_evidence_label"", ""worked_examples_and_counterexamples"", ""assessment_mode_variants_mcq_msq_nat_and_descriptive_if_applicable"", ""learner_constraints_time_pressure_deadline_confidence_and_accessibility"", ""source_freshness_provenance_and_conflict_check""]","[""scope_and_definition"", ""prerequisite_and_dependency"", ""representation_and_language"", ""method_selection_and_conceptual_reasoning"", ""execution_and_calculation"", ""edge_cases_and_verification"", ""transfer_and_problem_solving"", ""assessment_mode"", ""time_and_exam_strategy"", ""negative_marking_and_risk"", ""retention_and_retrieval"", ""metacognition_and_feedback"", ""constraints_and_affective_load"", ""resource_and_content_fit""]","[""immediate_accuracy"", ""delayed_retrieval"", ""changed_surface_transfer"", ""time_to_method"", ""error_recurrence"", ""hint_dependence"", ""confidence_calibration"", ""support_burden""]","[""scope_pass"", ""claim_ledger_complete"", ""mathematics_pass"", ""assessment_pass"", ""citation_completeness"", ""accessibility_pass"", ""rollback_target_present""]",research_and_verification_required_before_authoritative_release
CA-14,Calculus,Volume of revolution,"[""CE"", ""ME"", ""XE-A""]","[""MCQ"", ""MSQ"", ""NAT""]","[""CA-13""]",[],research-required before generation; learner-impact claims require outcome validation,integral,accumulation/area + bounds,"[""teach.hook"", ""teach.intuition"", ""teach.formal_anchor"", ""teach.method_selector"", ""teach.checked_example"", ""teach.counterexample"", ""assess.mcq"", ""assess.nat"", ""verify.symbolic"", ""verify.numeric""]","[""verification"", ""counterexample_search"", ""representation_generation"", ""question_variation"", ""learner_exploration""]","[""antiderivative/differentiation check"", ""bound and sign check"", ""convergence check""]","{""scope"": ""scope.resolve + verify.scope"", ""research"": ""research.brief + research.claims + research.sources + research.conflicts"", ""teaching"": [""teach.hook"", ""teach.intuition"", ""teach.formal_anchor"", ""teach.method_selector"", ""teach.checked_example"", ""teach.counterexample"", ""teach.recall"", ""teach.transfer""], ""assessment"": [""assess.mcq"", ""assess.msq"", ""assess.nat"", ""assess.timed"", ""assess.answer_audit""], ""renderers"": [""render.markdown"", ""render.manim"", ""render.question_card""]}","[""visual_first"", ""simple_words"", ""exam_timed"", ""prerequisite_repair"", ""hindi_glossary"", ""formula_light"", ""minimal_delta""]","{""prerequisite_gap"": ""diagnose.prerequisite_probe then delta.select; automatic route requires converging evidence"", ""representation_gap"": ""attach representation shift without rewriting formal anchor"", ""execution_gap"": ""attach checked micro-drill and recompute verification trace"", ""assessment_mode_gap"": ""attach only the failing MCQ/MSQ/NAT/timed/descriptive module"", ""constraint_gap"": ""attach time-risk compression or deadline triage while preserving mandatory conditions"", ""custom_source"": ""register PDF hash/page/source permissions and run conflict analysis before use"", ""verified_computation"": ""store provider/query/assumptions/output/version/reproducibility metadata""}","[""official_syllabus_scope_and_year"", ""official_question_pattern_and_marking_rules"", ""topic_definitions_theorems_algorithms_and_conditions"", ""prerequisite_dependencies_and_common_misconception_hypotheses"", ""historical_question_pattern_coding_with_evidence_label"", ""worked_examples_and_counterexamples"", ""assessment_mode_variants_mcq_msq_nat_and_descriptive_if_applicable"", ""learner_constraints_time_pressure_deadline_confidence_and_accessibility"", ""source_freshness_provenance_and_conflict_check""]","[""scope_and_definition"", ""prerequisite_and_dependency"", ""representation_and_language"", ""method_selection_and_conceptual_reasoning"", ""execution_and_calculation"", ""edge_cases_and_verification"", ""transfer_and_problem_solving"", ""assessment_mode"", ""time_and_exam_strategy"", ""negative_marking_and_risk"", ""retention_and_retrieval"", ""metacognition_and_feedback"", ""constraints_and_affective_load"", ""resource_and_content_fit""]","[""immediate_accuracy"", ""delayed_retrieval"", ""changed_surface_transfer"", ""time_to_method"", ""error_recurrence"", ""hint_dependence"", ""confidence_calibration"", ""support_burden""]","[""scope_pass"", ""claim_ledger_complete"", ""mathematics_pass"", ""assessment_pass"", ""citation_completeness"", ""accessibility_pass"", ""rollback_target_present""]",research_and_verification_required_before_authoritative_release
CA-15,Calculus,Limits and continuity of two variables,"[""CE"", ""ME"", ""XE-A""]","[""MCQ"", ""MSQ"", ""NAT""]",[],"[""CA-16"", ""PD-01""]",research-required before generation; learner-impact claims require outcome validation,limit,graph/table + one-sided approach,"[""teach.hook"", ""teach.intuition"", ""teach.formal_anchor"", ""teach.method_selector"", ""teach.checked_example"", ""teach.counterexample"", ""assess.mcq"", ""assess.nat"", ""verify.symbolic"", ""verify.scope""]","[""verification"", ""counterexample_search"", ""representation_generation"", ""question_variation"", ""learner_exploration""]","[""one-sided limit recomputation"", ""substitution/indeterminate-form classification"", ""counterexample search""]","{""scope"": ""scope.resolve + verify.scope"", ""research"": ""research.brief + research.claims + research.sources + research.conflicts"", ""teaching"": [""teach.hook"", ""teach.intuition"", ""teach.formal_anchor"", ""teach.method_selector"", ""teach.checked_example"", ""teach.counterexample"", ""teach.recall"", ""teach.transfer""], ""assessment"": [""assess.mcq"", ""assess.msq"", ""assess.nat"", ""assess.timed"", ""assess.answer_audit""], ""renderers"": [""render.markdown"", ""render.manim"", ""render.question_card""]}","[""visual_first"", ""simple_words"", ""exam_timed"", ""prerequisite_repair"", ""hindi_glossary"", ""formula_light"", ""minimal_delta""]","{""prerequisite_gap"": ""diagnose.prerequisite_probe then delta.select; automatic route requires converging evidence"", ""representation_gap"": ""attach representation shift without rewriting formal anchor"", ""execution_gap"": ""attach checked micro-drill and recompute verification trace"", ""assessment_mode_gap"": ""attach only the failing MCQ/MSQ/NAT/timed/descriptive module"", ""constraint_gap"": ""attach time-risk compression or deadline triage while preserving mandatory conditions"", ""custom_source"": ""register PDF hash/page/source permissions and run conflict analysis before use"", ""verified_computation"": ""store provider/query/assumptions/output/version/reproducibility metadata""}","[""official_syllabus_scope_and_year"", ""official_question_pattern_and_marking_rules"", ""topic_definitions_theorems_algorithms_and_conditions"", ""prerequisite_dependencies_and_common_misconception_hypotheses"", ""historical_question_pattern_coding_with_evidence_label"", ""worked_examples_and_counterexamples"", ""assessment_mode_variants_mcq_msq_nat_and_descriptive_if_applicable"", ""learner_constraints_time_pressure_deadline_confidence_and_accessibility"", ""source_freshness_provenance_and_conflict_check""]","[""scope_and_definition"", ""prerequisite_and_dependency"", ""representation_and_language"", ""method_selection_and_conceptual_reasoning"", ""execution_and_calculation"", ""edge_cases_and_verification"", ""transfer_and_problem_solving"", ""assessment_mode"", ""time_and_exam_strategy"", ""negative_marking_and_risk"", ""retention_and_retrieval"", ""metacognition_and_feedback"", ""constraints_and_affective_load"", ""resource_and_content_fit""]","[""immediate_accuracy"", ""delayed_retrieval"", ""changed_surface_transfer"", ""time_to_method"", ""error_recurrence"", ""hint_dependence"", ""confidence_calibration"", ""support_burden""]","[""scope_pass"", ""claim_ledger_complete"", ""mathematics_pass"", ""assessment_pass"", ""citation_completeness"", ""accessibility_pass"", ""rollback_target_present""]",research_and_verification_required_before_authoritative_release
CA-16,Calculus,Partial derivatives,"[""CE"", ""EE"", ""ME"", ""XE-A""]","[""MCQ"", ""MSQ"", ""NAT""]","[""CA-15""]","[""CA-17"", ""CA-18"", ""CA-19"", ""CA-20"", ""CA-21"", ""PD-01""]",research-required before generation; learner-impact claims require outcome validation,derivative,slope/rate graph + local linearization,"[""teach.hook"", ""teach.intuition"", ""teach.formal_anchor"", ""teach.method_selector"", ""teach.checked_example"", ""teach.counterexample"", ""assess.mcq"", ""assess.msq"", ""assess.nat"", ""verify.symbolic""]","[""verification"", ""counterexample_search"", ""representation_generation"", ""question_variation"", ""learner_exploration""]","[""symbolic derivative recomputation"", ""condition checks"", ""graph/slope sanity check""]","{""scope"": ""scope.resolve + verify.scope"", ""research"": ""research.brief + research.claims + research.sources + research.conflicts"", ""teaching"": [""teach.hook"", ""teach.intuition"", ""teach.formal_anchor"", ""teach.method_selector"", ""teach.checked_example"", ""teach.counterexample"", ""teach.recall"", ""teach.transfer""], ""assessment"": [""assess.mcq"", ""assess.msq"", ""assess.nat"", ""assess.timed"", ""assess.answer_audit""], ""renderers"": [""render.markdown"", ""render.manim"", ""render.question_card""]}","[""visual_first"", ""simple_words"", ""exam_timed"", ""prerequisite_repair"", ""hindi_glossary"", ""formula_light"", ""minimal_delta""]","{""prerequisite_gap"": ""diagnose.prerequisite_probe then delta.select; automatic route requires converging evidence"", ""representation_gap"": ""attach representation shift without rewriting formal anchor"", ""execution_gap"": ""attach checked micro-drill and recompute verification trace"", ""assessment_mode_gap"": ""attach only the failing MCQ/MSQ/NAT/timed/descriptive module"", ""constraint_gap"": ""attach time-risk compression or deadline triage while preserving mandatory conditions"", ""custom_source"": ""register PDF hash/page/source permissions and run conflict analysis before use"", ""verified_computation"": ""store provider/query/assumptions/output/version/reproducibility metadata""}","[""official_syllabus_scope_and_year"", ""official_question_pattern_and_marking_rules"", ""topic_definitions_theorems_algorithms_and_conditions"", ""prerequisite_dependencies_and_common_misconception_hypotheses"", ""historical_question_pattern_coding_with_evidence_label"", ""worked_examples_and_counterexamples"", ""assessment_mode_variants_mcq_msq_nat_and_descriptive_if_applicable"", ""learner_constraints_time_pressure_deadline_confidence_and_accessibility"", ""source_freshness_provenance_and_conflict_check""]","[""scope_and_definition"", ""prerequisite_and_dependency"", ""representation_and_language"", ""method_selection_and_conceptual_reasoning"", ""execution_and_calculation"", ""edge_cases_and_verification"", ""transfer_and_problem_solving"", ""assessment_mode"", ""time_and_exam_strategy"", ""negative_marking_and_risk"", ""retention_and_retrieval"", ""metacognition_and_feedback"", ""constraints_and_affective_load"", ""resource_and_content_fit""]","[""immediate_accuracy"", ""delayed_retrieval"", ""changed_surface_transfer"", ""time_to_method"", ""error_recurrence"", ""hint_dependence"", ""confidence_calibration"", ""support_burden""]","[""scope_pass"", ""claim_ledger_complete"", ""mathematics_pass"", ""assessment_pass"", ""citation_completeness"", ""accessibility_pass"", ""rollback_target_present""]",research_and_verification_required_before_authoritative_release
CA-17,Calculus,Total derivative,"[""CE"", ""ME"", ""XE-A""]","[""MCQ"", ""MSQ"", ""NAT""]","[""CA-16""]","[""CA-18""]",research-required before generation; learner-impact claims require outcome validation,derivative,slope/rate graph + local linearization,"[""teach.hook"", ""teach.intuition"", ""teach.formal_anchor"", ""teach.method_selector"", ""teach.checked_example"", ""teach.counterexample"", ""assess.mcq"", ""assess.msq"", ""assess.nat"", ""verify.symbolic""]","[""verification"", ""counterexample_search"", ""representation_generation"", ""question_variation"", ""learner_exploration""]","[""symbolic derivative recomputation"", ""condition checks"", ""graph/slope sanity check""]","{""scope"": ""scope.resolve + verify.scope"", ""research"": ""research.brief + research.claims + research.sources + research.conflicts"", ""teaching"": [""teach.hook"", ""teach.intuition"", ""teach.formal_anchor"", ""teach.method_selector"", ""teach.checked_example"", ""teach.counterexample"", ""teach.recall"", ""teach.transfer""], ""assessment"": [""assess.mcq"", ""assess.msq"", ""assess.nat"", ""assess.timed"", ""assess.answer_audit""], ""renderers"": [""render.markdown"", ""render.manim"", ""render.question_card""]}","[""visual_first"", ""simple_words"", ""exam_timed"", ""prerequisite_repair"", ""hindi_glossary"", ""formula_light"", ""minimal_delta""]","{""prerequisite_gap"": ""diagnose.prerequisite_probe then delta.select; automatic route requires converging evidence"", ""representation_gap"": ""attach representation shift without rewriting formal anchor"", ""execution_gap"": ""attach checked micro-drill and recompute verification trace"", ""assessment_mode_gap"": ""attach only the failing MCQ/MSQ/NAT/timed/descriptive module"", ""constraint_gap"": ""attach time-risk compression or deadline triage while preserving mandatory conditions"", ""custom_source"": ""register PDF hash/page/source permissions and run conflict analysis before use"", ""verified_computation"": ""store provider/query/assumptions/output/version/reproducibility metadata""}","[""official_syllabus_scope_and_year"", ""official_question_pattern_and_marking_rules"", ""topic_definitions_theorems_algorithms_and_conditions"", ""prerequisite_dependencies_and_common_misconception_hypotheses"", ""historical_question_pattern_coding_with_evidence_label"", ""worked_examples_and_counterexamples"", ""assessment_mode_variants_mcq_msq_nat_and_descriptive_if_applicable"", ""learner_constraints_time_pressure_deadline_confidence_and_accessibility"", ""source_freshness_provenance_and_conflict_check""]","[""scope_and_definition"", ""prerequisite_and_dependency"", ""representation_and_language"", ""method_selection_and_conceptual_reasoning"", ""execution_and_calculation"", ""edge_cases_and_verification"", ""transfer_and_problem_solving"", ""assessment_mode"", ""time_and_exam_strategy"", ""negative_marking_and_risk"", ""retention_and_retrieval"", ""metacognition_and_feedback"", ""constraints_and_affective_load"", ""resource_and_content_fit""]","[""immediate_accuracy"", ""delayed_retrieval"", ""changed_surface_transfer"", ""time_to_method"", ""error_recurrence"", ""hint_dependence"", ""confidence_calibration"", ""support_burden""]","[""scope_pass"", ""claim_ledger_complete"", ""mathematics_pass"", ""assessment_pass"", ""citation_completeness"", ""accessibility_pass"", ""rollback_target_present""]",research_and_verification_required_before_authoritative_release
CA-18,Calculus,Directional derivative,"[""CE"", ""EE"", ""ME"", ""XE-A""]","[""MCQ"", ""MSQ"", ""NAT""]","[""CA-16"", ""CA-17""]","[""CA-19""]",research-required before generation; learner-impact claims require outcome validation,derivative,slope/rate graph + local linearization,"[""teach.hook"", ""teach.intuition"", ""teach.formal_anchor"", ""teach.method_selector"", ""teach.checked_example"", ""teach.counterexample"", ""assess.mcq"", ""assess.msq"", ""assess.nat"", ""verify.symbolic""]","[""verification"", ""counterexample_search"", ""representation_generation"", ""question_variation"", ""learner_exploration""]","[""symbolic derivative recomputation"", ""condition checks"", ""graph/slope sanity check""]","{""scope"": ""scope.resolve + verify.scope"", ""research"": ""research.brief + research.claims + research.sources + research.conflicts"", ""teaching"": [""teach.hook"", ""teach.intuition"", ""teach.formal_anchor"", ""teach.method_selector"", ""teach.checked_example"", ""teach.counterexample"", ""teach.recall"", ""teach.transfer""], ""assessment"": [""assess.mcq"", ""assess.msq"", ""assess.nat"", ""assess.timed"", ""assess.answer_audit""], ""renderers"": [""render.markdown"", ""render.manim"", ""render.question_card""]}","[""visual_first"", ""simple_words"", ""exam_timed"", ""prerequisite_repair"", ""hindi_glossary"", ""formula_light"", ""minimal_delta""]","{""prerequisite_gap"": ""diagnose.prerequisite_probe then delta.select; automatic route requires converging evidence"", ""representation_gap"": ""attach representation shift without rewriting formal anchor"", ""execution_gap"": ""attach checked micro-drill and recompute verification trace"", ""assessment_mode_gap"": ""attach only the failing MCQ/MSQ/NAT/timed/descriptive module"", ""constraint_gap"": ""attach time-risk compression or deadline triage while preserving mandatory conditions"", ""custom_source"": ""register PDF hash/page/source permissions and run conflict analysis before use"", ""verified_computation"": ""store provider/query/assumptions/output/version/reproducibility metadata""}","[""official_syllabus_scope_and_year"", ""official_question_pattern_and_marking_rules"", ""topic_definitions_theorems_algorithms_and_conditions"", ""prerequisite_dependencies_and_common_misconception_hypotheses"", ""historical_question_pattern_coding_with_evidence_label"", ""worked_examples_and_counterexamples"", ""assessment_mode_variants_mcq_msq_nat_and_descriptive_if_applicable"", ""learner_constraints_time_pressure_deadline_confidence_and_accessibility"", ""source_freshness_provenance_and_conflict_check""]","[""scope_and_definition"", ""prerequisite_and_dependency"", ""representation_and_language"", ""method_selection_and_conceptual_reasoning"", ""execution_and_calculation"", ""edge_cases_and_verification"", ""transfer_and_problem_solving"", ""assessment_mode"", ""time_and_exam_strategy"", ""negative_marking_and_risk"", ""retention_and_retrieval"", ""metacognition_and_feedback"", ""constraints_and_affective_load"", ""resource_and_content_fit""]","[""immediate_accuracy"", ""delayed_retrieval"", ""changed_surface_transfer"", ""time_to_method"", ""error_recurrence"", ""hint_dependence"", ""confidence_calibration"", ""support_burden""]","[""scope_pass"", ""claim_ledger_complete"", ""mathematics_pass"", ""assessment_pass"", ""citation_completeness"", ""accessibility_pass"", ""rollback_target_present""]",research_and_verification_required_before_authoritative_release
CA-19,Calculus,"Maxima, minima and saddle points of two variables","[""CE"", ""ME"", ""XE-A""]","[""MCQ"", ""MSQ"", ""NAT""]","[""CA-16"", ""CA-18""]","[""CA-20""]",research-required before generation; learner-impact claims require outcome validation,optimization,objective landscape + candidate/boundary table,"[""teach.hook"", ""teach.intuition"", ""teach.formal_anchor"", ""teach.method_selector"", ""teach.checked_example"", ""teach.counterexample"", ""assess.mcq"", ""assess.msq"", ""assess.nat"", ""verify.symbolic""]","[""verification"", ""counterexample_search"", ""representation_generation"", ""question_variation"", ""learner_exploration""]","[""stationary-point recomputation"", ""second-order/boundary check"", ""candidate completeness check""]","{""scope"": ""scope.resolve + verify.scope"", ""research"": ""research.brief + research.claims + research.sources + research.conflicts"", ""teaching"": [""teach.hook"", ""teach.intuition"", ""teach.formal_anchor"", ""teach.method_selector"", ""teach.checked_example"", ""teach.counterexample"", ""teach.recall"", ""teach.transfer""], ""assessment"": [""assess.mcq"", ""assess.msq"", ""assess.nat"", ""assess.timed"", ""assess.answer_audit""], ""renderers"": [""render.markdown"", ""render.manim"", ""render.question_card""]}","[""visual_first"", ""simple_words"", ""exam_timed"", ""prerequisite_repair"", ""hindi_glossary"", ""formula_light"", ""minimal_delta""]","{""prerequisite_gap"": ""diagnose.prerequisite_probe then delta.select; automatic route requires converging evidence"", ""representation_gap"": ""attach representation shift without rewriting formal anchor"", ""execution_gap"": ""attach checked micro-drill and recompute verification trace"", ""assessment_mode_gap"": ""attach only the failing MCQ/MSQ/NAT/timed/descriptive module"", ""constraint_gap"": ""attach time-risk compression or deadline triage while preserving mandatory conditions"", ""custom_source"": ""register PDF hash/page/source permissions and run conflict analysis before use"", ""verified_computation"": ""store provider/query/assumptions/output/version/reproducibility metadata""}","[""official_syllabus_scope_and_year"", ""official_question_pattern_and_marking_rules"", ""topic_definitions_theorems_algorithms_and_conditions"", ""prerequisite_dependencies_and_common_misconception_hypotheses"", ""historical_question_pattern_coding_with_evidence_label"", ""worked_examples_and_counterexamples"", ""assessment_mode_variants_mcq_msq_nat_and_descriptive_if_applicable"", ""learner_constraints_time_pressure_deadline_confidence_and_accessibility"", ""source_freshness_provenance_and_conflict_check""]","[""scope_and_definition"", ""prerequisite_and_dependency"", ""representation_and_language"", ""method_selection_and_conceptual_reasoning"", ""execution_and_calculation"", ""edge_cases_and_verification"", ""transfer_and_problem_solving"", ""assessment_mode"", ""time_and_exam_strategy"", ""negative_marking_and_risk"", ""retention_and_retrieval"", ""metacognition_and_feedback"", ""constraints_and_affective_load"", ""resource_and_content_fit""]","[""immediate_accuracy"", ""delayed_retrieval"", ""changed_surface_transfer"", ""time_to_method"", ""error_recurrence"", ""hint_dependence"", ""confidence_calibration"", ""support_burden""]","[""scope_pass"", ""claim_ledger_complete"", ""mathematics_pass"", ""assessment_pass"", ""citation_completeness"", ""accessibility_pass"", ""rollback_target_present""]",research_and_verification_required_before_authoritative_release
CA-20,Calculus,Lagrange multipliers,"[""XE-A and paper-dependent scope""]","[""MCQ"", ""MSQ"", ""NAT""]","[""CA-16"", ""CA-19""]",[],research-required before generation; learner-impact claims require outcome validation,optimization,objective landscape + candidate/boundary table,"[""teach.hook"", ""teach.intuition"", ""teach.formal_anchor"", ""teach.method_selector"", ""teach.checked_example"", ""teach.counterexample"", ""assess.mcq"", ""assess.msq"", ""assess.nat"", ""verify.symbolic""]","[""verification"", ""counterexample_search"", ""representation_generation"", ""question_variation"", ""learner_exploration""]","[""stationary-point recomputation"", ""second-order/boundary check"", ""candidate completeness check""]","{""scope"": ""scope.resolve + verify.scope"", ""research"": ""research.brief + research.claims + research.sources + research.conflicts"", ""teaching"": [""teach.hook"", ""teach.intuition"", ""teach.formal_anchor"", ""teach.method_selector"", ""teach.checked_example"", ""teach.counterexample"", ""teach.recall"", ""teach.transfer""], ""assessment"": [""assess.mcq"", ""assess.msq"", ""assess.nat"", ""assess.timed"", ""assess.answer_audit""], ""renderers"": [""render.markdown"", ""render.manim"", ""render.question_card""]}","[""visual_first"", ""simple_words"", ""exam_timed"", ""prerequisite_repair"", ""hindi_glossary"", ""formula_light"", ""minimal_delta""]","{""prerequisite_gap"": ""diagnose.prerequisite_probe then delta.select; automatic route requires converging evidence"", ""representation_gap"": ""attach representation shift without rewriting formal anchor"", ""execution_gap"": ""attach checked micro-drill and recompute verification trace"", ""assessment_mode_gap"": ""attach only the failing MCQ/MSQ/NAT/timed/descriptive module"", ""constraint_gap"": ""attach time-risk compression or deadline triage while preserving mandatory conditions"", ""custom_source"": ""register PDF hash/page/source permissions and run conflict analysis before use"", ""verified_computation"": ""store provider/query/assumptions/output/version/reproducibility metadata""}","[""official_syllabus_scope_and_year"", ""official_question_pattern_and_marking_rules"", ""topic_definitions_theorems_algorithms_and_conditions"", ""prerequisite_dependencies_and_common_misconception_hypotheses"", ""historical_question_pattern_coding_with_evidence_label"", ""worked_examples_and_counterexamples"", ""assessment_mode_variants_mcq_msq_nat_and_descriptive_if_applicable"", ""learner_constraints_time_pressure_deadline_confidence_and_accessibility"", ""source_freshness_provenance_and_conflict_check""]","[""scope_and_definition"", ""prerequisite_and_dependency"", ""representation_and_language"", ""method_selection_and_conceptual_reasoning"", ""execution_and_calculation"", ""edge_cases_and_verification"", ""transfer_and_problem_solving"", ""assessment_mode"", ""time_and_exam_strategy"", ""negative_marking_and_risk"", ""retention_and_retrieval"", ""metacognition_and_feedback"", ""constraints_and_affective_load"", ""resource_and_content_fit""]","[""immediate_accuracy"", ""delayed_retrieval"", ""changed_surface_transfer"", ""time_to_method"", ""error_recurrence"", ""hint_dependence"", ""confidence_calibration"", ""support_burden""]","[""scope_pass"", ""claim_ledger_complete"", ""mathematics_pass"", ""assessment_pass"", ""citation_completeness"", ""accessibility_pass"", ""rollback_target_present""]",research_and_verification_required_before_authoritative_release
CA-21,Calculus,Double integrals,"[""CE"", ""ME"", ""XE-A""]","[""MCQ"", ""MSQ"", ""NAT""]","[""CA-16""]","[""CA-22""]",research-required before generation; learner-impact claims require outcome validation,integral,accumulation/area + bounds,"[""teach.hook"", ""teach.intuition"", ""teach.formal_anchor"", ""teach.method_selector"", ""teach.checked_example"", ""teach.counterexample"", ""assess.mcq"", ""assess.nat"", ""verify.symbolic"", ""verify.numeric""]","[""verification"", ""counterexample_search"", ""representation_generation"", ""question_variation"", ""learner_exploration""]","[""antiderivative/differentiation check"", ""bound and sign check"", ""convergence check""]","{""scope"": ""scope.resolve + verify.scope"", ""research"": ""research.brief + research.claims + research.sources + research.conflicts"", ""teaching"": [""teach.hook"", ""teach.intuition"", ""teach.formal_anchor"", ""teach.method_selector"", ""teach.checked_example"", ""teach.counterexample"", ""teach.recall"", ""teach.transfer""], ""assessment"": [""assess.mcq"", ""assess.msq"", ""assess.nat"", ""assess.timed"", ""assess.answer_audit""], ""renderers"": [""render.markdown"", ""render.manim"", ""render.question_card""]}","[""visual_first"", ""simple_words"", ""exam_timed"", ""prerequisite_repair"", ""hindi_glossary"", ""formula_light"", ""minimal_delta""]","{""prerequisite_gap"": ""diagnose.prerequisite_probe then delta.select; automatic route requires converging evidence"", ""representation_gap"": ""attach representation shift without rewriting formal anchor"", ""execution_gap"": ""attach checked micro-drill and recompute verification trace"", ""assessment_mode_gap"": ""attach only the failing MCQ/MSQ/NAT/timed/descriptive module"", ""constraint_gap"": ""attach time-risk compression or deadline triage while preserving mandatory conditions"", ""custom_source"": ""register PDF hash/page/source permissions and run conflict analysis before use"", ""verified_computation"": ""store provider/query/assumptions/output/version/reproducibility metadata""}","[""official_syllabus_scope_and_year"", ""official_question_pattern_and_marking_rules"", ""topic_definitions_theorems_algorithms_and_conditions"", ""prerequisite_dependencies_and_common_misconception_hypotheses"", ""historical_question_pattern_coding_with_evidence_label"", ""worked_examples_and_counterexamples"", ""assessment_mode_variants_mcq_msq_nat_and_descriptive_if_applicable"", ""learner_constraints_time_pressure_deadline_confidence_and_accessibility"", ""source_freshness_provenance_and_conflict_check""]","[""scope_and_definition"", ""prerequisite_and_dependency"", ""representation_and_language"", ""method_selection_and_conceptual_reasoning"", ""execution_and_calculation"", ""edge_cases_and_verification"", ""transfer_and_problem_solving"", ""assessment_mode"", ""time_and_exam_strategy"", ""negative_marking_and_risk"", ""retention_and_retrieval"", ""metacognition_and_feedback"", ""constraints_and_affective_load"", ""resource_and_content_fit""]","[""immediate_accuracy"", ""delayed_retrieval"", ""changed_surface_transfer"", ""time_to_method"", ""error_recurrence"", ""hint_dependence"", ""confidence_calibration"", ""support_burden""]","[""scope_pass"", ""claim_ledger_complete"", ""mathematics_pass"", ""assessment_pass"", ""citation_completeness"", ""accessibility_pass"", ""rollback_target_present""]",research_and_verification_required_before_authoritative_release
CA-22,Calculus,Triple integrals,"[""ME and paper-dependent scope""]","[""MCQ"", ""MSQ"", ""NAT""]","[""CA-21""]",[],research-required before generation; learner-impact claims require outcome validation,integral,accumulation/area + bounds,"[""teach.hook"", ""teach.intuition"", ""teach.formal_anchor"", ""teach.method_selector"", ""teach.checked_example"", ""teach.counterexample"", ""assess.mcq"", ""assess.nat"", ""verify.symbolic"", ""verify.numeric""]","[""verification"", ""counterexample_search"", ""representation_generation"", ""question_variation"", ""learner_exploration""]","[""antiderivative/differentiation check"", ""bound and sign check"", ""convergence check""]","{""scope"": ""scope.resolve + verify.scope"", ""research"": ""research.brief + research.claims + research.sources + research.conflicts"", ""teaching"": [""teach.hook"", ""teach.intuition"", ""teach.formal_anchor"", ""teach.method_selector"", ""teach.checked_example"", ""teach.counterexample"", ""teach.recall"", ""teach.transfer""], ""assessment"": [""assess.mcq"", ""assess.msq"", ""assess.nat"", ""assess.timed"", ""assess.answer_audit""], ""renderers"": [""render.markdown"", ""render.manim"", ""render.question_card""]}","[""visual_first"", ""simple_words"", ""exam_timed"", ""prerequisite_repair"", ""hindi_glossary"", ""formula_light"", ""minimal_delta""]","{""prerequisite_gap"": ""diagnose.prerequisite_probe then delta.select; automatic route requires converging evidence"", ""representation_gap"": ""attach representation shift without rewriting formal anchor"", ""execution_gap"": ""attach checked micro-drill and recompute verification trace"", ""assessment_mode_gap"": ""attach only the failing MCQ/MSQ/NAT/timed/descriptive module"", ""constraint_gap"": ""attach time-risk compression or deadline triage while preserving mandatory conditions"", ""custom_source"": ""register PDF hash/page/source permissions and run conflict analysis before use"", ""verified_computation"": ""store provider/query/assumptions/output/version/reproducibility metadata""}","[""official_syllabus_scope_and_year"", ""official_question_pattern_and_marking_rules"", ""topic_definitions_theorems_algorithms_and_conditions"", ""prerequisite_dependencies_and_common_misconception_hypotheses"", ""historical_question_pattern_coding_with_evidence_label"", ""worked_examples_and_counterexamples"", ""assessment_mode_variants_mcq_msq_nat_and_descriptive_if_applicable"", ""learner_constraints_time_pressure_deadline_confidence_and_accessibility"", ""source_freshness_provenance_and_conflict_check""]","[""scope_and_definition"", ""prerequisite_and_dependency"", ""representation_and_language"", ""method_selection_and_conceptual_reasoning"", ""execution_and_calculation"", ""edge_cases_and_verification"", ""transfer_and_problem_solving"", ""assessment_mode"", ""time_and_exam_strategy"", ""negative_marking_and_risk"", ""retention_and_retrieval"", ""metacognition_and_feedback"", ""constraints_and_affective_load"", ""resource_and_content_fit""]","[""immediate_accuracy"", ""delayed_retrieval"", ""changed_surface_transfer"", ""time_to_method"", ""error_recurrence"", ""hint_dependence"", ""confidence_calibration"", ""support_burden""]","[""scope_pass"", ""claim_ledger_complete"", ""mathematics_pass"", ""assessment_pass"", ""citation_completeness"", ""accessibility_pass"", ""rollback_target_present""]",research_and_verification_required_before_authoritative_release
VC-01,Vector Calculus,Vector fields and notation,"[""CE"", ""EE"", ""ME"", ""XE-A""]","[""MCQ"", ""MSQ"", ""NAT""]",[],"[""VC-02"", ""VC-03"", ""VC-04"", ""VC-06"", ""VC-08""]",research-required before generation; learner-impact claims require outcome validation,vector,vector-field visual + operator map,"[""teach.hook"", ""teach.intuition"", ""teach.formal_anchor"", ""teach.method_selector"", ""teach.checked_example"", ""teach.counterexample"", ""assess.mcq"", ""assess.msq"", ""assess.nat"", ""verify.symbolic""]","[""verification"", ""counterexample_search"", ""representation_generation"", ""question_variation"", ""learner_exploration""]","[""component recomputation"", ""orientation/sign check"", ""identity or theorem-condition check""]","{""scope"": ""scope.resolve + verify.scope"", ""research"": ""research.brief + research.claims + research.sources + research.conflicts"", ""teaching"": [""teach.hook"", ""teach.intuition"", ""teach.formal_anchor"", ""teach.method_selector"", ""teach.checked_example"", ""teach.counterexample"", ""teach.recall"", ""teach.transfer""], ""assessment"": [""assess.mcq"", ""assess.msq"", ""assess.nat"", ""assess.timed"", ""assess.answer_audit""], ""renderers"": [""render.markdown"", ""render.manim"", ""render.question_card""]}","[""visual_first"", ""simple_words"", ""exam_timed"", ""prerequisite_repair"", ""hindi_glossary"", ""formula_light"", ""minimal_delta""]","{""prerequisite_gap"": ""diagnose.prerequisite_probe then delta.select; automatic route requires converging evidence"", ""representation_gap"": ""attach representation shift without rewriting formal anchor"", ""execution_gap"": ""attach checked micro-drill and recompute verification trace"", ""assessment_mode_gap"": ""attach only the failing MCQ/MSQ/NAT/timed/descriptive module"", ""constraint_gap"": ""attach time-risk compression or deadline triage while preserving mandatory conditions"", ""custom_source"": ""register PDF hash/page/source permissions and run conflict analysis before use"", ""verified_computation"": ""store provider/query/assumptions/output/version/reproducibility metadata""}","[""official_syllabus_scope_and_year"", ""official_question_pattern_and_marking_rules"", ""topic_definitions_theorems_algorithms_and_conditions"", ""prerequisite_dependencies_and_common_misconception_hypotheses"", ""historical_question_pattern_coding_with_evidence_label"", ""worked_examples_and_counterexamples"", ""assessment_mode_variants_mcq_msq_nat_and_descriptive_if_applicable"", ""learner_constraints_time_pressure_deadline_confidence_and_accessibility"", ""source_freshness_provenance_and_conflict_check""]","[""scope_and_definition"", ""prerequisite_and_dependency"", ""representation_and_language"", ""method_selection_and_conceptual_reasoning"", ""execution_and_calculation"", ""edge_cases_and_verification"", ""transfer_and_problem_solving"", ""assessment_mode"", ""time_and_exam_strategy"", ""negative_marking_and_risk"", ""retention_and_retrieval"", ""metacognition_and_feedback"", ""constraints_and_affective_load"", ""resource_and_content_fit""]","[""immediate_accuracy"", ""delayed_retrieval"", ""changed_surface_transfer"", ""time_to_method"", ""error_recurrence"", ""hint_dependence"", ""confidence_calibration"", ""support_burden""]","[""scope_pass"", ""claim_ledger_complete"", ""mathematics_pass"", ""assessment_pass"", ""citation_completeness"", ""accessibility_pass"", ""rollback_target_present""]",research_and_verification_required_before_authoritative_release
VC-02,Vector Calculus,Gradient,"[""CE"", ""EE"", ""ME"", ""XE-A""]","[""MCQ"", ""MSQ"", ""NAT""]","[""VC-01""]","[""VC-05""]",research-required before generation; learner-impact claims require outcome validation,vector,vector-field visual + operator map,"[""teach.hook"", ""teach.intuition"", ""teach.formal_anchor"", ""teach.method_selector"", ""teach.checked_example"", ""teach.counterexample"", ""assess.mcq"", ""assess.msq"", ""assess.nat"", ""verify.symbolic""]","[""verification"", ""counterexample_search"", ""representation_generation"", ""question_variation"", ""learner_exploration""]","[""component recomputation"", ""orientation/sign check"", ""identity or theorem-condition check""]","{""scope"": ""scope.resolve + verify.scope"", ""research"": ""research.brief + research.claims + research.sources + research.conflicts"", ""teaching"": [""teach.hook"", ""teach.intuition"", ""teach.formal_anchor"", ""teach.method_selector"", ""teach.checked_example"", ""teach.counterexample"", ""teach.recall"", ""teach.transfer""], ""assessment"": [""assess.mcq"", ""assess.msq"", ""assess.nat"", ""assess.timed"", ""assess.answer_audit""], ""renderers"": [""render.markdown"", ""render.manim"", ""render.question_card""]}","[""visual_first"", ""simple_words"", ""exam_timed"", ""prerequisite_repair"", ""hindi_glossary"", ""formula_light"", ""minimal_delta""]","{""prerequisite_gap"": ""diagnose.prerequisite_probe then delta.select; automatic route requires converging evidence"", ""representation_gap"": ""attach representation shift without rewriting formal anchor"", ""execution_gap"": ""attach checked micro-drill and recompute verification trace"", ""assessment_mode_gap"": ""attach only the failing MCQ/MSQ/NAT/timed/descriptive module"", ""constraint_gap"": ""attach time-risk compression or deadline triage while preserving mandatory conditions"", ""custom_source"": ""register PDF hash/page/source permissions and run conflict analysis before use"", ""verified_computation"": ""store provider/query/assumptions/output/version/reproducibility metadata""}","[""official_syllabus_scope_and_year"", ""official_question_pattern_and_marking_rules"", ""topic_definitions_theorems_algorithms_and_conditions"", ""prerequisite_dependencies_and_common_misconception_hypotheses"", ""historical_question_pattern_coding_with_evidence_label"", ""worked_examples_and_counterexamples"", ""assessment_mode_variants_mcq_msq_nat_and_descriptive_if_applicable"", ""learner_constraints_time_pressure_deadline_confidence_and_accessibility"", ""source_freshness_provenance_and_conflict_check""]","[""scope_and_definition"", ""prerequisite_and_dependency"", ""representation_and_language"", ""method_selection_and_conceptual_reasoning"", ""execution_and_calculation"", ""edge_cases_and_verification"", ""transfer_and_problem_solving"", ""assessment_mode"", ""time_and_exam_strategy"", ""negative_marking_and_risk"", ""retention_and_retrieval"", ""metacognition_and_feedback"", ""constraints_and_affective_load"", ""resource_and_content_fit""]","[""immediate_accuracy"", ""delayed_retrieval"", ""changed_surface_transfer"", ""time_to_method"", ""error_recurrence"", ""hint_dependence"", ""confidence_calibration"", ""support_burden""]","[""scope_pass"", ""claim_ledger_complete"", ""mathematics_pass"", ""assessment_pass"", ""citation_completeness"", ""accessibility_pass"", ""rollback_target_present""]",research_and_verification_required_before_authoritative_release
VC-03,Vector Calculus,Divergence,"[""CE"", ""EE"", ""ME"", ""XE-A""]","[""MCQ"", ""MSQ"", ""NAT""]","[""VC-01""]","[""VC-05""]",research-required before generation; learner-impact claims require outcome validation,vector,vector-field visual + operator map,"[""teach.hook"", ""teach.intuition"", ""teach.formal_anchor"", ""teach.method_selector"", ""teach.checked_example"", ""teach.counterexample"", ""assess.mcq"", ""assess.msq"", ""assess.nat"", ""verify.symbolic""]","[""verification"", ""counterexample_search"", ""representation_generation"", ""question_variation"", ""learner_exploration""]","[""component recomputation"", ""orientation/sign check"", ""identity or theorem-condition check""]","{""scope"": ""scope.resolve + verify.scope"", ""research"": ""research.brief + research.claims + research.sources + research.conflicts"", ""teaching"": [""teach.hook"", ""teach.intuition"", ""teach.formal_anchor"", ""teach.method_selector"", ""teach.checked_example"", ""teach.counterexample"", ""teach.recall"", ""teach.transfer""], ""assessment"": [""assess.mcq"", ""assess.msq"", ""assess.nat"", ""assess.timed"", ""assess.answer_audit""], ""renderers"": [""render.markdown"", ""render.manim"", ""render.question_card""]}","[""visual_first"", ""simple_words"", ""exam_timed"", ""prerequisite_repair"", ""hindi_glossary"", ""formula_light"", ""minimal_delta""]","{""prerequisite_gap"": ""diagnose.prerequisite_probe then delta.select; automatic route requires converging evidence"", ""representation_gap"": ""attach representation shift without rewriting formal anchor"", ""execution_gap"": ""attach checked micro-drill and recompute verification trace"", ""assessment_mode_gap"": ""attach only the failing MCQ/MSQ/NAT/timed/descriptive module"", ""constraint_gap"": ""attach time-risk compression or deadline triage while preserving mandatory conditions"", ""custom_source"": ""register PDF hash/page/source permissions and run conflict analysis before use"", ""verified_computation"": ""store provider/query/assumptions/output/version/reproducibility metadata""}","[""official_syllabus_scope_and_year"", ""official_question_pattern_and_marking_rules"", ""topic_definitions_theorems_algorithms_and_conditions"", ""prerequisite_dependencies_and_common_misconception_hypotheses"", ""historical_question_pattern_coding_with_evidence_label"", ""worked_examples_and_counterexamples"", ""assessment_mode_variants_mcq_msq_nat_and_descriptive_if_applicable"", ""learner_constraints_time_pressure_deadline_confidence_and_accessibility"", ""source_freshness_provenance_and_conflict_check""]","[""scope_and_definition"", ""prerequisite_and_dependency"", ""representation_and_language"", ""method_selection_and_conceptual_reasoning"", ""execution_and_calculation"", ""edge_cases_and_verification"", ""transfer_and_problem_solving"", ""assessment_mode"", ""time_and_exam_strategy"", ""negative_marking_and_risk"", ""retention_and_retrieval"", ""metacognition_and_feedback"", ""constraints_and_affective_load"", ""resource_and_content_fit""]","[""immediate_accuracy"", ""delayed_retrieval"", ""changed_surface_transfer"", ""time_to_method"", ""error_recurrence"", ""hint_dependence"", ""confidence_calibration"", ""support_burden""]","[""scope_pass"", ""claim_ledger_complete"", ""mathematics_pass"", ""assessment_pass"", ""citation_completeness"", ""accessibility_pass"", ""rollback_target_present""]",research_and_verification_required_before_authoritative_release
VC-04,Vector Calculus,Curl,"[""CE"", ""EE"", ""ME"", ""XE-A""]","[""MCQ"", ""MSQ"", ""NAT""]","[""VC-01""]","[""VC-05""]",research-required before generation; learner-impact claims require outcome validation,vector,vector-field visual + operator map,"[""teach.hook"", ""teach.intuition"", ""teach.formal_anchor"", ""teach.method_selector"", ""teach.checked_example"", ""teach.counterexample"", ""assess.mcq"", ""assess.msq"", ""assess.nat"", ""verify.symbolic""]","[""verification"", ""counterexample_search"", ""representation_generation"", ""question_variation"", ""learner_exploration""]","[""component recomputation"", ""orientation/sign check"", ""identity or theorem-condition check""]","{""scope"": ""scope.resolve + verify.scope"", ""research"": ""research.brief + research.claims + research.sources + research.conflicts"", ""teaching"": [""teach.hook"", ""teach.intuition"", ""teach.formal_anchor"", ""teach.method_selector"", ""teach.checked_example"", ""teach.counterexample"", ""teach.recall"", ""teach.transfer""], ""assessment"": [""assess.mcq"", ""assess.msq"", ""assess.nat"", ""assess.timed"", ""assess.answer_audit""], ""renderers"": [""render.markdown"", ""render.manim"", ""render.question_card""]}","[""visual_first"", ""simple_words"", ""exam_timed"", ""prerequisite_repair"", ""hindi_glossary"", ""formula_light"", ""minimal_delta""]","{""prerequisite_gap"": ""diagnose.prerequisite_probe then delta.select; automatic route requires converging evidence"", ""representation_gap"": ""attach representation shift without rewriting formal anchor"", ""execution_gap"": ""attach checked micro-drill and recompute verification trace"", ""assessment_mode_gap"": ""attach only the failing MCQ/MSQ/NAT/timed/descriptive module"", ""constraint_gap"": ""attach time-risk compression or deadline triage while preserving mandatory conditions"", ""custom_source"": ""register PDF hash/page/source permissions and run conflict analysis before use"", ""verified_computation"": ""store provider/query/assumptions/output/version/reproducibility metadata""}","[""official_syllabus_scope_and_year"", ""official_question_pattern_and_marking_rules"", ""topic_definitions_theorems_algorithms_and_conditions"", ""prerequisite_dependencies_and_common_misconception_hypotheses"", ""historical_question_pattern_coding_with_evidence_label"", ""worked_examples_and_counterexamples"", ""assessment_mode_variants_mcq_msq_nat_and_descriptive_if_applicable"", ""learner_constraints_time_pressure_deadline_confidence_and_accessibility"", ""source_freshness_provenance_and_conflict_check""]","[""scope_and_definition"", ""prerequisite_and_dependency"", ""representation_and_language"", ""method_selection_and_conceptual_reasoning"", ""execution_and_calculation"", ""edge_cases_and_verification"", ""transfer_and_problem_solving"", ""assessment_mode"", ""time_and_exam_strategy"", ""negative_marking_and_risk"", ""retention_and_retrieval"", ""metacognition_and_feedback"", ""constraints_and_affective_load"", ""resource_and_content_fit""]","[""immediate_accuracy"", ""delayed_retrieval"", ""changed_surface_transfer"", ""time_to_method"", ""error_recurrence"", ""hint_dependence"", ""confidence_calibration"", ""support_burden""]","[""scope_pass"", ""claim_ledger_complete"", ""mathematics_pass"", ""assessment_pass"", ""citation_completeness"", ""accessibility_pass"", ""rollback_target_present""]",research_and_verification_required_before_authoritative_release
VC-05,Vector Calculus,Vector identities,"[""CE"", ""EE"", ""ME"", ""XE-A""]","[""MCQ"", ""MSQ"", ""NAT""]","[""VC-02"", ""VC-03"", ""VC-04""]",[],research-required before generation; learner-impact claims require outcome validation,vector,vector-field visual + operator map,"[""teach.hook"", ""teach.intuition"", ""teach.formal_anchor"", ""teach.method_selector"", ""teach.checked_example"", ""teach.counterexample"", ""assess.mcq"", ""assess.msq"", ""assess.nat"", ""verify.symbolic""]","[""verification"", ""counterexample_search"", ""representation_generation"", ""question_variation"", ""learner_exploration""]","[""component recomputation"", ""orientation/sign check"", ""identity or theorem-condition check""]","{""scope"": ""scope.resolve + verify.scope"", ""research"": ""research.brief + research.claims + research.sources + research.conflicts"", ""teaching"": [""teach.hook"", ""teach.intuition"", ""teach.formal_anchor"", ""teach.method_selector"", ""teach.checked_example"", ""teach.counterexample"", ""teach.recall"", ""teach.transfer""], ""assessment"": [""assess.mcq"", ""assess.msq"", ""assess.nat"", ""assess.timed"", ""assess.answer_audit""], ""renderers"": [""render.markdown"", ""render.manim"", ""render.question_card""]}","[""visual_first"", ""simple_words"", ""exam_timed"", ""prerequisite_repair"", ""hindi_glossary"", ""formula_light"", ""minimal_delta""]","{""prerequisite_gap"": ""diagnose.prerequisite_probe then delta.select; automatic route requires converging evidence"", ""representation_gap"": ""attach representation shift without rewriting formal anchor"", ""execution_gap"": ""attach checked micro-drill and recompute verification trace"", ""assessment_mode_gap"": ""attach only the failing MCQ/MSQ/NAT/timed/descriptive module"", ""constraint_gap"": ""attach time-risk compression or deadline triage while preserving mandatory conditions"", ""custom_source"": ""register PDF hash/page/source permissions and run conflict analysis before use"", ""verified_computation"": ""store provider/query/assumptions/output/version/reproducibility metadata""}","[""official_syllabus_scope_and_year"", ""official_question_pattern_and_marking_rules"", ""topic_definitions_theorems_algorithms_and_conditions"", ""prerequisite_dependencies_and_common_misconception_hypotheses"", ""historical_question_pattern_coding_with_evidence_label"", ""worked_examples_and_counterexamples"", ""assessment_mode_variants_mcq_msq_nat_and_descriptive_if_applicable"", ""learner_constraints_time_pressure_deadline_confidence_and_accessibility"", ""source_freshness_provenance_and_conflict_check""]","[""scope_and_definition"", ""prerequisite_and_dependency"", ""representation_and_language"", ""method_selection_and_conceptual_reasoning"", ""execution_and_calculation"", ""edge_cases_and_verification"", ""transfer_and_problem_solving"", ""assessment_mode"", ""time_and_exam_strategy"", ""negative_marking_and_risk"", ""retention_and_retrieval"", ""metacognition_and_feedback"", ""constraints_and_affective_load"", ""resource_and_content_fit""]","[""immediate_accuracy"", ""delayed_retrieval"", ""changed_surface_transfer"", ""time_to_method"", ""error_recurrence"", ""hint_dependence"", ""confidence_calibration"", ""support_burden""]","[""scope_pass"", ""claim_ledger_complete"", ""mathematics_pass"", ""assessment_pass"", ""citation_completeness"", ""accessibility_pass"", ""rollback_target_present""]",research_and_verification_required_before_authoritative_release
VC-06,Vector Calculus,Line integrals,"[""CE"", ""EE"", ""ME"", ""XE-A""]","[""MCQ"", ""MSQ"", ""NAT""]","[""VC-01""]","[""VC-07""]",research-required before generation; learner-impact claims require outcome validation,integral,accumulation/area + bounds,"[""teach.hook"", ""teach.intuition"", ""teach.formal_anchor"", ""teach.method_selector"", ""teach.checked_example"", ""teach.counterexample"", ""assess.mcq"", ""assess.nat"", ""verify.symbolic"", ""verify.numeric""]","[""verification"", ""counterexample_search"", ""representation_generation"", ""question_variation"", ""learner_exploration""]","[""antiderivative/differentiation check"", ""bound and sign check"", ""convergence check""]","{""scope"": ""scope.resolve + verify.scope"", ""research"": ""research.brief + research.claims + research.sources + research.conflicts"", ""teaching"": [""teach.hook"", ""teach.intuition"", ""teach.formal_anchor"", ""teach.method_selector"", ""teach.checked_example"", ""teach.counterexample"", ""teach.recall"", ""teach.transfer""], ""assessment"": [""assess.mcq"", ""assess.msq"", ""assess.nat"", ""assess.timed"", ""assess.answer_audit""], ""renderers"": [""render.markdown"", ""render.manim"", ""render.question_card""]}","[""visual_first"", ""simple_words"", ""exam_timed"", ""prerequisite_repair"", ""hindi_glossary"", ""formula_light"", ""minimal_delta""]","{""prerequisite_gap"": ""diagnose.prerequisite_probe then delta.select; automatic route requires converging evidence"", ""representation_gap"": ""attach representation shift without rewriting formal anchor"", ""execution_gap"": ""attach checked micro-drill and recompute verification trace"", ""assessment_mode_gap"": ""attach only the failing MCQ/MSQ/NAT/timed/descriptive module"", ""constraint_gap"": ""attach time-risk compression or deadline triage while preserving mandatory conditions"", ""custom_source"": ""register PDF hash/page/source permissions and run conflict analysis before use"", ""verified_computation"": ""store provider/query/assumptions/output/version/reproducibility metadata""}","[""official_syllabus_scope_and_year"", ""official_question_pattern_and_marking_rules"", ""topic_definitions_theorems_algorithms_and_conditions"", ""prerequisite_dependencies_and_common_misconception_hypotheses"", ""historical_question_pattern_coding_with_evidence_label"", ""worked_examples_and_counterexamples"", ""assessment_mode_variants_mcq_msq_nat_and_descriptive_if_applicable"", ""learner_constraints_time_pressure_deadline_confidence_and_accessibility"", ""source_freshness_provenance_and_conflict_check""]","[""scope_and_definition"", ""prerequisite_and_dependency"", ""representation_and_language"", ""method_selection_and_conceptual_reasoning"", ""execution_and_calculation"", ""edge_cases_and_verification"", ""transfer_and_problem_solving"", ""assessment_mode"", ""time_and_exam_strategy"", ""negative_marking_and_risk"", ""retention_and_retrieval"", ""metacognition_and_feedback"", ""constraints_and_affective_load"", ""resource_and_content_fit""]","[""immediate_accuracy"", ""delayed_retrieval"", ""changed_surface_transfer"", ""time_to_method"", ""error_recurrence"", ""hint_dependence"", ""confidence_calibration"", ""support_burden""]","[""scope_pass"", ""claim_ledger_complete"", ""mathematics_pass"", ""assessment_pass"", ""citation_completeness"", ""accessibility_pass"", ""rollback_target_present""]",research_and_verification_required_before_authoritative_release
VC-07,Vector Calculus,Green’s theorem,"[""CE"", ""EE"", ""ME"", ""XE-A""]","[""MCQ"", ""MSQ"", ""NAT""]","[""VC-06""]","[""VC-11""]",research-required before generation; learner-impact claims require outcome validation,vector,vector-field visual + operator map,"[""teach.hook"", ""teach.intuition"", ""teach.formal_anchor"", ""teach.method_selector"", ""teach.checked_example"", ""teach.counterexample"", ""assess.mcq"", ""assess.msq"", ""assess.nat"", ""verify.symbolic""]","[""verification"", ""counterexample_search"", ""representation_generation"", ""question_variation"", ""learner_exploration""]","[""component recomputation"", ""orientation/sign check"", ""identity or theorem-condition check""]","{""scope"": ""scope.resolve + verify.scope"", ""research"": ""research.brief + research.claims + research.sources + research.conflicts"", ""teaching"": [""teach.hook"", ""teach.intuition"", ""teach.formal_anchor"", ""teach.method_selector"", ""teach.checked_example"", ""teach.counterexample"", ""teach.recall"", ""teach.transfer""], ""assessment"": [""assess.mcq"", ""assess.msq"", ""assess.nat"", ""assess.timed"", ""assess.answer_audit""], ""renderers"": [""render.markdown"", ""render.manim"", ""render.question_card""]}","[""visual_first"", ""simple_words"", ""exam_timed"", ""prerequisite_repair"", ""hindi_glossary"", ""formula_light"", ""minimal_delta""]","{""prerequisite_gap"": ""diagnose.prerequisite_probe then delta.select; automatic route requires converging evidence"", ""representation_gap"": ""attach representation shift without rewriting formal anchor"", ""execution_gap"": ""attach checked micro-drill and recompute verification trace"", ""assessment_mode_gap"": ""attach only the failing MCQ/MSQ/NAT/timed/descriptive module"", ""constraint_gap"": ""attach time-risk compression or deadline triage while preserving mandatory conditions"", ""custom_source"": ""register PDF hash/page/source permissions and run conflict analysis before use"", ""verified_computation"": ""store provider/query/assumptions/output/version/reproducibility metadata""}","[""official_syllabus_scope_and_year"", ""official_question_pattern_and_marking_rules"", ""topic_definitions_theorems_algorithms_and_conditions"", ""prerequisite_dependencies_and_common_misconception_hypotheses"", ""historical_question_pattern_coding_with_evidence_label"", ""worked_examples_and_counterexamples"", ""assessment_mode_variants_mcq_msq_nat_and_descriptive_if_applicable"", ""learner_constraints_time_pressure_deadline_confidence_and_accessibility"", ""source_freshness_provenance_and_conflict_check""]","[""scope_and_definition"", ""prerequisite_and_dependency"", ""representation_and_language"", ""method_selection_and_conceptual_reasoning"", ""execution_and_calculation"", ""edge_cases_and_verification"", ""transfer_and_problem_solving"", ""assessment_mode"", ""time_and_exam_strategy"", ""negative_marking_and_risk"", ""retention_and_retrieval"", ""metacognition_and_feedback"", ""constraints_and_affective_load"", ""resource_and_content_fit""]","[""immediate_accuracy"", ""delayed_retrieval"", ""changed_surface_transfer"", ""time_to_method"", ""error_recurrence"", ""hint_dependence"", ""confidence_calibration"", ""support_burden""]","[""scope_pass"", ""claim_ledger_complete"", ""mathematics_pass"", ""assessment_pass"", ""citation_completeness"", ""accessibility_pass"", ""rollback_target_present""]",research_and_verification_required_before_authoritative_release
VC-08,Vector Calculus,Surface and volume integrals,"[""CE"", ""EE"", ""ME"", ""XE-A""]","[""MCQ"", ""MSQ"", ""NAT""]","[""VC-01""]","[""VC-09"", ""VC-10""]",research-required before generation; learner-impact claims require outcome validation,integral,accumulation/area + bounds,"[""teach.hook"", ""teach.intuition"", ""teach.formal_anchor"", ""teach.method_selector"", ""teach.checked_example"", ""teach.counterexample"", ""assess.mcq"", ""assess.nat"", ""verify.symbolic"", ""verify.numeric""]","[""verification"", ""counterexample_search"", ""representation_generation"", ""question_variation"", ""learner_exploration""]","[""antiderivative/differentiation check"", ""bound and sign check"", ""convergence check""]","{""scope"": ""scope.resolve + verify.scope"", ""research"": ""research.brief + research.claims + research.sources + research.conflicts"", ""teaching"": [""teach.hook"", ""teach.intuition"", ""teach.formal_anchor"", ""teach.method_selector"", ""teach.checked_example"", ""teach.counterexample"", ""teach.recall"", ""teach.transfer""], ""assessment"": [""assess.mcq"", ""assess.msq"", ""assess.nat"", ""assess.timed"", ""assess.answer_audit""], ""renderers"": [""render.markdown"", ""render.manim"", ""render.question_card""]}","[""visual_first"", ""simple_words"", ""exam_timed"", ""prerequisite_repair"", ""hindi_glossary"", ""formula_light"", ""minimal_delta""]","{""prerequisite_gap"": ""diagnose.prerequisite_probe then delta.select; automatic route requires converging evidence"", ""representation_gap"": ""attach representation shift without rewriting formal anchor"", ""execution_gap"": ""attach checked micro-drill and recompute verification trace"", ""assessment_mode_gap"": ""attach only the failing MCQ/MSQ/NAT/timed/descriptive module"", ""constraint_gap"": ""attach time-risk compression or deadline triage while preserving mandatory conditions"", ""custom_source"": ""register PDF hash/page/source permissions and run conflict analysis before use"", ""verified_computation"": ""store provider/query/assumptions/output/version/reproducibility metadata""}","[""official_syllabus_scope_and_year"", ""official_question_pattern_and_marking_rules"", ""topic_definitions_theorems_algorithms_and_conditions"", ""prerequisite_dependencies_and_common_misconception_hypotheses"", ""historical_question_pattern_coding_with_evidence_label"", ""worked_examples_and_counterexamples"", ""assessment_mode_variants_mcq_msq_nat_and_descriptive_if_applicable"", ""learner_constraints_time_pressure_deadline_confidence_and_accessibility"", ""source_freshness_provenance_and_conflict_check""]","[""scope_and_definition"", ""prerequisite_and_dependency"", ""representation_and_language"", ""method_selection_and_conceptual_reasoning"", ""execution_and_calculation"", ""edge_cases_and_verification"", ""transfer_and_problem_solving"", ""assessment_mode"", ""time_and_exam_strategy"", ""negative_marking_and_risk"", ""retention_and_retrieval"", ""metacognition_and_feedback"", ""constraints_and_affective_load"", ""resource_and_content_fit""]","[""immediate_accuracy"", ""delayed_retrieval"", ""changed_surface_transfer"", ""time_to_method"", ""error_recurrence"", ""hint_dependence"", ""confidence_calibration"", ""support_burden""]","[""scope_pass"", ""claim_ledger_complete"", ""mathematics_pass"", ""assessment_pass"", ""citation_completeness"", ""accessibility_pass"", ""rollback_target_present""]",research_and_verification_required_before_authoritative_release
VC-09,Vector Calculus,Stokes’ theorem,"[""EE"", ""ME"", ""XE-A and branch-dependent scope""]","[""MCQ"", ""MSQ"", ""NAT""]","[""VC-08""]","[""VC-11""]",research-required before generation; learner-impact claims require outcome validation,vector,vector-field visual + operator map,"[""teach.hook"", ""teach.intuition"", ""teach.formal_anchor"", ""teach.method_selector"", ""teach.checked_example"", ""teach.counterexample"", ""assess.mcq"", ""assess.msq"", ""assess.nat"", ""verify.symbolic""]","[""verification"", ""counterexample_search"", ""representation_generation"", ""question_variation"", ""learner_exploration""]","[""component recomputation"", ""orientation/sign check"", ""identity or theorem-condition check""]","{""scope"": ""scope.resolve + verify.scope"", ""research"": ""research.brief + research.claims + research.sources + research.conflicts"", ""teaching"": [""teach.hook"", ""teach.intuition"", ""teach.formal_anchor"", ""teach.method_selector"", ""teach.checked_example"", ""teach.counterexample"", ""teach.recall"", ""teach.transfer""], ""assessment"": [""assess.mcq"", ""assess.msq"", ""assess.nat"", ""assess.timed"", ""assess.answer_audit""], ""renderers"": [""render.markdown"", ""render.manim"", ""render.question_card""]}","[""visual_first"", ""simple_words"", ""exam_timed"", ""prerequisite_repair"", ""hindi_glossary"", ""formula_light"", ""minimal_delta""]","{""prerequisite_gap"": ""diagnose.prerequisite_probe then delta.select; automatic route requires converging evidence"", ""representation_gap"": ""attach representation shift without rewriting formal anchor"", ""execution_gap"": ""attach checked micro-drill and recompute verification trace"", ""assessment_mode_gap"": ""attach only the failing MCQ/MSQ/NAT/timed/descriptive module"", ""constraint_gap"": ""attach time-risk compression or deadline triage while preserving mandatory conditions"", ""custom_source"": ""register PDF hash/page/source permissions and run conflict analysis before use"", ""verified_computation"": ""store provider/query/assumptions/output/version/reproducibility metadata""}","[""official_syllabus_scope_and_year"", ""official_question_pattern_and_marking_rules"", ""topic_definitions_theorems_algorithms_and_conditions"", ""prerequisite_dependencies_and_common_misconception_hypotheses"", ""historical_question_pattern_coding_with_evidence_label"", ""worked_examples_and_counterexamples"", ""assessment_mode_variants_mcq_msq_nat_and_descriptive_if_applicable"", ""learner_constraints_time_pressure_deadline_confidence_and_accessibility"", ""source_freshness_provenance_and_conflict_check""]","[""scope_and_definition"", ""prerequisite_and_dependency"", ""representation_and_language"", ""method_selection_and_conceptual_reasoning"", ""execution_and_calculation"", ""edge_cases_and_verification"", ""transfer_and_problem_solving"", ""assessment_mode"", ""time_and_exam_strategy"", ""negative_marking_and_risk"", ""retention_and_retrieval"", ""metacognition_and_feedback"", ""constraints_and_affective_load"", ""resource_and_content_fit""]","[""immediate_accuracy"", ""delayed_retrieval"", ""changed_surface_transfer"", ""time_to_method"", ""error_recurrence"", ""hint_dependence"", ""confidence_calibration"", ""support_burden""]","[""scope_pass"", ""claim_ledger_complete"", ""mathematics_pass"", ""assessment_pass"", ""citation_completeness"", ""accessibility_pass"", ""rollback_target_present""]",research_and_verification_required_before_authoritative_release
VC-10,Vector Calculus,Gauss/divergence theorem,"[""EE"", ""ME"", ""XE-A and branch-dependent scope""]","[""MCQ"", ""MSQ"", ""NAT""]","[""VC-08""]","[""VC-11""]",research-required before generation; learner-impact claims require outcome validation,vector,vector-field visual + operator map,"[""teach.hook"", ""teach.intuition"", ""teach.formal_anchor"", ""teach.method_selector"", ""teach.checked_example"", ""teach.counterexample"", ""assess.mcq"", ""assess.msq"", ""assess.nat"", ""verify.symbolic""]","[""verification"", ""counterexample_search"", ""representation_generation"", ""question_variation"", ""learner_exploration""]","[""component recomputation"", ""orientation/sign check"", ""identity or theorem-condition check""]","{""scope"": ""scope.resolve + verify.scope"", ""research"": ""research.brief + research.claims + research.sources + research.conflicts"", ""teaching"": [""teach.hook"", ""teach.intuition"", ""teach.formal_anchor"", ""teach.method_selector"", ""teach.checked_example"", ""teach.counterexample"", ""teach.recall"", ""teach.transfer""], ""assessment"": [""assess.mcq"", ""assess.msq"", ""assess.nat"", ""assess.timed"", ""assess.answer_audit""], ""renderers"": [""render.markdown"", ""render.manim"", ""render.question_card""]}","[""visual_first"", ""simple_words"", ""exam_timed"", ""prerequisite_repair"", ""hindi_glossary"", ""formula_light"", ""minimal_delta""]","{""prerequisite_gap"": ""diagnose.prerequisite_probe then delta.select; automatic route requires converging evidence"", ""representation_gap"": ""attach representation shift without rewriting formal anchor"", ""execution_gap"": ""attach checked micro-drill and recompute verification trace"", ""assessment_mode_gap"": ""attach only the failing MCQ/MSQ/NAT/timed/descriptive module"", ""constraint_gap"": ""attach time-risk compression or deadline triage while preserving mandatory conditions"", ""custom_source"": ""register PDF hash/page/source permissions and run conflict analysis before use"", ""verified_computation"": ""store provider/query/assumptions/output/version/reproducibility metadata""}","[""official_syllabus_scope_and_year"", ""official_question_pattern_and_marking_rules"", ""topic_definitions_theorems_algorithms_and_conditions"", ""prerequisite_dependencies_and_common_misconception_hypotheses"", ""historical_question_pattern_coding_with_evidence_label"", ""worked_examples_and_counterexamples"", ""assessment_mode_variants_mcq_msq_nat_and_descriptive_if_applicable"", ""learner_constraints_time_pressure_deadline_confidence_and_accessibility"", ""source_freshness_provenance_and_conflict_check""]","[""scope_and_definition"", ""prerequisite_and_dependency"", ""representation_and_language"", ""method_selection_and_conceptual_reasoning"", ""execution_and_calculation"", ""edge_cases_and_verification"", ""transfer_and_problem_solving"", ""assessment_mode"", ""time_and_exam_strategy"", ""negative_marking_and_risk"", ""retention_and_retrieval"", ""metacognition_and_feedback"", ""constraints_and_affective_load"", ""resource_and_content_fit""]","[""immediate_accuracy"", ""delayed_retrieval"", ""changed_surface_transfer"", ""time_to_method"", ""error_recurrence"", ""hint_dependence"", ""confidence_calibration"", ""support_burden""]","[""scope_pass"", ""claim_ledger_complete"", ""mathematics_pass"", ""assessment_pass"", ""citation_completeness"", ""accessibility_pass"", ""rollback_target_present""]",research_and_verification_required_before_authoritative_release
VC-11,Vector Calculus,Theorem selection across Green/Stokes/Gauss,"[""CE"", ""EE"", ""ME"", ""XE-A""]","[""MCQ"", ""MSQ"", ""NAT""]","[""VC-07"", ""VC-09"", ""VC-10""]",[],research-required before generation; learner-impact claims require outcome validation,vector,vector-field visual + operator map,"[""teach.hook"", ""teach.intuition"", ""teach.formal_anchor"", ""teach.method_selector"", ""teach.checked_example"", ""teach.counterexample"", ""assess.mcq"", ""assess.msq"", ""assess.nat"", ""verify.symbolic""]","[""verification"", ""counterexample_search"", ""representation_generation"", ""question_variation"", ""learner_exploration""]","[""component recomputation"", ""orientation/sign check"", ""identity or theorem-condition check""]","{""scope"": ""scope.resolve + verify.scope"", ""research"": ""research.brief + research.claims + research.sources + research.conflicts"", ""teaching"": [""teach.hook"", ""teach.intuition"", ""teach.formal_anchor"", ""teach.method_selector"", ""teach.checked_example"", ""teach.counterexample"", ""teach.recall"", ""teach.transfer""], ""assessment"": [""assess.mcq"", ""assess.msq"", ""assess.nat"", ""assess.timed"", ""assess.answer_audit""], ""renderers"": [""render.markdown"", ""render.manim"", ""render.question_card""]}","[""visual_first"", ""simple_words"", ""exam_timed"", ""prerequisite_repair"", ""hindi_glossary"", ""formula_light"", ""minimal_delta""]","{""prerequisite_gap"": ""diagnose.prerequisite_probe then delta.select; automatic route requires converging evidence"", ""representation_gap"": ""attach representation shift without rewriting formal anchor"", ""execution_gap"": ""attach checked micro-drill and recompute verification trace"", ""assessment_mode_gap"": ""attach only the failing MCQ/MSQ/NAT/timed/descriptive module"", ""constraint_gap"": ""attach time-risk compression or deadline triage while preserving mandatory conditions"", ""custom_source"": ""register PDF hash/page/source permissions and run conflict analysis before use"", ""verified_computation"": ""store provider/query/assumptions/output/version/reproducibility metadata""}","[""official_syllabus_scope_and_year"", ""official_question_pattern_and_marking_rules"", ""topic_definitions_theorems_algorithms_and_conditions"", ""prerequisite_dependencies_and_common_misconception_hypotheses"", ""historical_question_pattern_coding_with_evidence_label"", ""worked_examples_and_counterexamples"", ""assessment_mode_variants_mcq_msq_nat_and_descriptive_if_applicable"", ""learner_constraints_time_pressure_deadline_confidence_and_accessibility"", ""source_freshness_provenance_and_conflict_check""]","[""scope_and_definition"", ""prerequisite_and_dependency"", ""representation_and_language"", ""method_selection_and_conceptual_reasoning"", ""execution_and_calculation"", ""edge_cases_and_verification"", ""transfer_and_problem_solving"", ""assessment_mode"", ""time_and_exam_strategy"", ""negative_marking_and_risk"", ""retention_and_retrieval"", ""metacognition_and_feedback"", ""constraints_and_affective_load"", ""resource_and_content_fit""]","[""immediate_accuracy"", ""delayed_retrieval"", ""changed_surface_transfer"", ""time_to_method"", ""error_recurrence"", ""hint_dependence"", ""confidence_calibration"", ""support_burden""]","[""scope_pass"", ""claim_ledger_complete"", ""mathematics_pass"", ""assessment_pass"", ""citation_completeness"", ""accessibility_pass"", ""rollback_target_present""]",research_and_verification_required_before_authoritative_release
DE-01,Ordinary Differential Equations,First-order linear equations,"[""CE"", ""EE"", ""ME"", ""XE-A""]","[""MCQ"", ""MSQ"", ""NAT""]","[""CA-05"", ""CA-11""]","[""DE-08"", ""PD-02""]",research-required before generation; learner-impact claims require outcome validation,matrix,matrix/table + dimension overlay,"[""teach.hook"", ""teach.intuition"", ""teach.formal_anchor"", ""teach.checked_example"", ""assess.mcq"", ""assess.msq"", ""assess.nat"", ""verify.symbolic"", ""verify.dimension"", ""verify.scope""]","[""verification"", ""counterexample_search"", ""representation_generation"", ""question_variation"", ""learner_exploration""]","[""symbolic equivalence"", ""dimension compatibility"", ""determinant/rank/invertibility checks"", ""counterexample search""]","{""scope"": ""scope.resolve + verify.scope"", ""research"": ""research.brief + research.claims + research.sources + research.conflicts"", ""teaching"": [""teach.hook"", ""teach.intuition"", ""teach.formal_anchor"", ""teach.method_selector"", ""teach.checked_example"", ""teach.counterexample"", ""teach.recall"", ""teach.transfer""], ""assessment"": [""assess.mcq"", ""assess.msq"", ""assess.nat"", ""assess.timed"", ""assess.answer_audit""], ""renderers"": [""render.markdown"", ""render.manim"", ""render.question_card""]}","[""visual_first"", ""simple_words"", ""exam_timed"", ""prerequisite_repair"", ""hindi_glossary"", ""formula_light"", ""minimal_delta""]","{""prerequisite_gap"": ""diagnose.prerequisite_probe then delta.select; automatic route requires converging evidence"", ""representation_gap"": ""attach representation shift without rewriting formal anchor"", ""execution_gap"": ""attach checked micro-drill and recompute verification trace"", ""assessment_mode_gap"": ""attach only the failing MCQ/MSQ/NAT/timed/descriptive module"", ""constraint_gap"": ""attach time-risk compression or deadline triage while preserving mandatory conditions"", ""custom_source"": ""register PDF hash/page/source permissions and run conflict analysis before use"", ""verified_computation"": ""store provider/query/assumptions/output/version/reproducibility metadata""}","[""official_syllabus_scope_and_year"", ""official_question_pattern_and_marking_rules"", ""topic_definitions_theorems_algorithms_and_conditions"", ""prerequisite_dependencies_and_common_misconception_hypotheses"", ""historical_question_pattern_coding_with_evidence_label"", ""worked_examples_and_counterexamples"", ""assessment_mode_variants_mcq_msq_nat_and_descriptive_if_applicable"", ""learner_constraints_time_pressure_deadline_confidence_and_accessibility"", ""source_freshness_provenance_and_conflict_check""]","[""scope_and_definition"", ""prerequisite_and_dependency"", ""representation_and_language"", ""method_selection_and_conceptual_reasoning"", ""execution_and_calculation"", ""edge_cases_and_verification"", ""transfer_and_problem_solving"", ""assessment_mode"", ""time_and_exam_strategy"", ""negative_marking_and_risk"", ""retention_and_retrieval"", ""metacognition_and_feedback"", ""constraints_and_affective_load"", ""resource_and_content_fit""]","[""immediate_accuracy"", ""delayed_retrieval"", ""changed_surface_transfer"", ""time_to_method"", ""error_recurrence"", ""hint_dependence"", ""confidence_calibration"", ""support_burden""]","[""scope_pass"", ""claim_ledger_complete"", ""mathematics_pass"", ""assessment_pass"", ""citation_completeness"", ""accessibility_pass"", ""rollback_target_present""]",research_and_verification_required_before_authoritative_release
DE-02,Ordinary Differential Equations,First-order separable/nonlinear equations,"[""CE"", ""EE"", ""ME"", ""XE-A""]","[""MCQ"", ""MSQ"", ""NAT""]","[""CA-05"", ""CA-11""]","[""DE-08""]",research-required before generation; learner-impact claims require outcome validation,matrix,matrix/table + dimension overlay,"[""teach.hook"", ""teach.intuition"", ""teach.formal_anchor"", ""teach.checked_example"", ""assess.mcq"", ""assess.msq"", ""assess.nat"", ""verify.symbolic"", ""verify.dimension"", ""verify.scope""]","[""verification"", ""counterexample_search"", ""representation_generation"", ""question_variation"", ""learner_exploration""]","[""symbolic equivalence"", ""dimension compatibility"", ""determinant/rank/invertibility checks"", ""counterexample search""]","{""scope"": ""scope.resolve + verify.scope"", ""research"": ""research.brief + research.claims + research.sources + research.conflicts"", ""teaching"": [""teach.hook"", ""teach.intuition"", ""teach.formal_anchor"", ""teach.method_selector"", ""teach.checked_example"", ""teach.counterexample"", ""teach.recall"", ""teach.transfer""], ""assessment"": [""assess.mcq"", ""assess.msq"", ""assess.nat"", ""assess.timed"", ""assess.answer_audit""], ""renderers"": [""render.markdown"", ""render.manim"", ""render.question_card""]}","[""visual_first"", ""simple_words"", ""exam_timed"", ""prerequisite_repair"", ""hindi_glossary"", ""formula_light"", ""minimal_delta""]","{""prerequisite_gap"": ""diagnose.prerequisite_probe then delta.select; automatic route requires converging evidence"", ""representation_gap"": ""attach representation shift without rewriting formal anchor"", ""execution_gap"": ""attach checked micro-drill and recompute verification trace"", ""assessment_mode_gap"": ""attach only the failing MCQ/MSQ/NAT/timed/descriptive module"", ""constraint_gap"": ""attach time-risk compression or deadline triage while preserving mandatory conditions"", ""custom_source"": ""register PDF hash/page/source permissions and run conflict analysis before use"", ""verified_computation"": ""store provider/query/assumptions/output/version/reproducibility metadata""}","[""official_syllabus_scope_and_year"", ""official_question_pattern_and_marking_rules"", ""topic_definitions_theorems_algorithms_and_conditions"", ""prerequisite_dependencies_and_common_misconception_hypotheses"", ""historical_question_pattern_coding_with_evidence_label"", ""worked_examples_and_counterexamples"", ""assessment_mode_variants_mcq_msq_nat_and_descriptive_if_applicable"", ""learner_constraints_time_pressure_deadline_confidence_and_accessibility"", ""source_freshness_provenance_and_conflict_check""]","[""scope_and_definition"", ""prerequisite_and_dependency"", ""representation_and_language"", ""method_selection_and_conceptual_reasoning"", ""execution_and_calculation"", ""edge_cases_and_verification"", ""transfer_and_problem_solving"", ""assessment_mode"", ""time_and_exam_strategy"", ""negative_marking_and_risk"", ""retention_and_retrieval"", ""metacognition_and_feedback"", ""constraints_and_affective_load"", ""resource_and_content_fit""]","[""immediate_accuracy"", ""delayed_retrieval"", ""changed_surface_transfer"", ""time_to_method"", ""error_recurrence"", ""hint_dependence"", ""confidence_calibration"", ""support_burden""]","[""scope_pass"", ""claim_ledger_complete"", ""mathematics_pass"", ""assessment_pass"", ""citation_completeness"", ""accessibility_pass"", ""rollback_target_present""]",research_and_verification_required_before_authoritative_release
DE-03,Ordinary Differential Equations,Exact equations,"[""Branch-dependent"", ""especially XE-A/engineering papers""]","[""MCQ"", ""MSQ"", ""NAT""]",[],"[""DE-08""]",research-required before generation; learner-impact claims require outcome validation,derivative,slope/rate graph + local linearization,"[""teach.hook"", ""teach.intuition"", ""teach.formal_anchor"", ""teach.method_selector"", ""teach.checked_example"", ""teach.counterexample"", ""assess.mcq"", ""assess.msq"", ""assess.nat"", ""verify.symbolic""]","[""verification"", ""counterexample_search"", ""representation_generation"", ""question_variation"", ""learner_exploration""]","[""symbolic derivative recomputation"", ""condition checks"", ""graph/slope sanity check""]","{""scope"": ""scope.resolve + verify.scope"", ""research"": ""research.brief + research.claims + research.sources + research.conflicts"", ""teaching"": [""teach.hook"", ""teach.intuition"", ""teach.formal_anchor"", ""teach.method_selector"", ""teach.checked_example"", ""teach.counterexample"", ""teach.recall"", ""teach.transfer""], ""assessment"": [""assess.mcq"", ""assess.msq"", ""assess.nat"", ""assess.timed"", ""assess.answer_audit""], ""renderers"": [""render.markdown"", ""render.manim"", ""render.question_card""]}","[""visual_first"", ""simple_words"", ""exam_timed"", ""prerequisite_repair"", ""hindi_glossary"", ""formula_light"", ""minimal_delta""]","{""prerequisite_gap"": ""diagnose.prerequisite_probe then delta.select; automatic route requires converging evidence"", ""representation_gap"": ""attach representation shift without rewriting formal anchor"", ""execution_gap"": ""attach checked micro-drill and recompute verification trace"", ""assessment_mode_gap"": ""attach only the failing MCQ/MSQ/NAT/timed/descriptive module"", ""constraint_gap"": ""attach time-risk compression or deadline triage while preserving mandatory conditions"", ""custom_source"": ""register PDF hash/page/source permissions and run conflict analysis before use"", ""verified_computation"": ""store provider/query/assumptions/output/version/reproducibility metadata""}","[""official_syllabus_scope_and_year"", ""official_question_pattern_and_marking_rules"", ""topic_definitions_theorems_algorithms_and_conditions"", ""prerequisite_dependencies_and_common_misconception_hypotheses"", ""historical_question_pattern_coding_with_evidence_label"", ""worked_examples_and_counterexamples"", ""assessment_mode_variants_mcq_msq_nat_and_descriptive_if_applicable"", ""learner_constraints_time_pressure_deadline_confidence_and_accessibility"", ""source_freshness_provenance_and_conflict_check""]","[""scope_and_definition"", ""prerequisite_and_dependency"", ""representation_and_language"", ""method_selection_and_conceptual_reasoning"", ""execution_and_calculation"", ""edge_cases_and_verification"", ""transfer_and_problem_solving"", ""assessment_mode"", ""time_and_exam_strategy"", ""negative_marking_and_risk"", ""retention_and_retrieval"", ""metacognition_and_feedback"", ""constraints_and_affective_load"", ""resource_and_content_fit""]","[""immediate_accuracy"", ""delayed_retrieval"", ""changed_surface_transfer"", ""time_to_method"", ""error_recurrence"", ""hint_dependence"", ""confidence_calibration"", ""support_burden""]","[""scope_pass"", ""claim_ledger_complete"", ""mathematics_pass"", ""assessment_pass"", ""citation_completeness"", ""accessibility_pass"", ""rollback_target_present""]",research_and_verification_required_before_authoritative_release
DE-04,Ordinary Differential Equations,Homogeneous first-order equations,"[""Branch-dependent""]","[""MCQ"", ""MSQ"", ""NAT""]",[],"[""DE-08""]",research-required before generation; learner-impact claims require outcome validation,derivative,slope/rate graph + local linearization,"[""teach.hook"", ""teach.intuition"", ""teach.formal_anchor"", ""teach.method_selector"", ""teach.checked_example"", ""teach.counterexample"", ""assess.mcq"", ""assess.msq"", ""assess.nat"", ""verify.symbolic""]","[""verification"", ""counterexample_search"", ""representation_generation"", ""question_variation"", ""learner_exploration""]","[""symbolic derivative recomputation"", ""condition checks"", ""graph/slope sanity check""]","{""scope"": ""scope.resolve + verify.scope"", ""research"": ""research.brief + research.claims + research.sources + research.conflicts"", ""teaching"": [""teach.hook"", ""teach.intuition"", ""teach.formal_anchor"", ""teach.method_selector"", ""teach.checked_example"", ""teach.counterexample"", ""teach.recall"", ""teach.transfer""], ""assessment"": [""assess.mcq"", ""assess.msq"", ""assess.nat"", ""assess.timed"", ""assess.answer_audit""], ""renderers"": [""render.markdown"", ""render.manim"", ""render.question_card""]}","[""visual_first"", ""simple_words"", ""exam_timed"", ""prerequisite_repair"", ""hindi_glossary"", ""formula_light"", ""minimal_delta""]","{""prerequisite_gap"": ""diagnose.prerequisite_probe then delta.select; automatic route requires converging evidence"", ""representation_gap"": ""attach representation shift without rewriting formal anchor"", ""execution_gap"": ""attach checked micro-drill and recompute verification trace"", ""assessment_mode_gap"": ""attach only the failing MCQ/MSQ/NAT/timed/descriptive module"", ""constraint_gap"": ""attach time-risk compression or deadline triage while preserving mandatory conditions"", ""custom_source"": ""register PDF hash/page/source permissions and run conflict analysis before use"", ""verified_computation"": ""store provider/query/assumptions/output/version/reproducibility metadata""}","[""official_syllabus_scope_and_year"", ""official_question_pattern_and_marking_rules"", ""topic_definitions_theorems_algorithms_and_conditions"", ""prerequisite_dependencies_and_common_misconception_hypotheses"", ""historical_question_pattern_coding_with_evidence_label"", ""worked_examples_and_counterexamples"", ""assessment_mode_variants_mcq_msq_nat_and_descriptive_if_applicable"", ""learner_constraints_time_pressure_deadline_confidence_and_accessibility"", ""source_freshness_provenance_and_conflict_check""]","[""scope_and_definition"", ""prerequisite_and_dependency"", ""representation_and_language"", ""method_selection_and_conceptual_reasoning"", ""execution_and_calculation"", ""edge_cases_and_verification"", ""transfer_and_problem_solving"", ""assessment_mode"", ""time_and_exam_strategy"", ""negative_marking_and_risk"", ""retention_and_retrieval"", ""metacognition_and_feedback"", ""constraints_and_affective_load"", ""resource_and_content_fit""]","[""immediate_accuracy"", ""delayed_retrieval"", ""changed_surface_transfer"", ""time_to_method"", ""error_recurrence"", ""hint_dependence"", ""confidence_calibration"", ""support_burden""]","[""scope_pass"", ""claim_ledger_complete"", ""mathematics_pass"", ""assessment_pass"", ""citation_completeness"", ""accessibility_pass"", ""rollback_target_present""]",research_and_verification_required_before_authoritative_release
DE-05,Ordinary Differential Equations,Higher-order constant-coefficient equations,"[""CE"", ""EE"", ""ME"", ""XE-A""]","[""MCQ"", ""MSQ"", ""NAT""]","[""CA-05"", ""CA-11""]","[""DE-06"", ""DE-07"", ""DE-10"", ""DE-11"", ""DE-12"", ""DE-14"", ""PD-02""]",research-required before generation; learner-impact claims require outcome validation,derivative,slope/rate graph + local linearization,"[""teach.hook"", ""teach.intuition"", ""teach.formal_anchor"", ""teach.method_selector"", ""teach.checked_example"", ""teach.counterexample"", ""assess.mcq"", ""assess.msq"", ""assess.nat"", ""verify.symbolic""]","[""verification"", ""counterexample_search"", ""representation_generation"", ""question_variation"", ""learner_exploration""]","[""symbolic derivative recomputation"", ""condition checks"", ""graph/slope sanity check""]","{""scope"": ""scope.resolve + verify.scope"", ""research"": ""research.brief + research.claims + research.sources + research.conflicts"", ""teaching"": [""teach.hook"", ""teach.intuition"", ""teach.formal_anchor"", ""teach.method_selector"", ""teach.checked_example"", ""teach.counterexample"", ""teach.recall"", ""teach.transfer""], ""assessment"": [""assess.mcq"", ""assess.msq"", ""assess.nat"", ""assess.timed"", ""assess.answer_audit""], ""renderers"": [""render.markdown"", ""render.manim"", ""render.question_card""]}","[""visual_first"", ""simple_words"", ""exam_timed"", ""prerequisite_repair"", ""hindi_glossary"", ""formula_light"", ""minimal_delta""]","{""prerequisite_gap"": ""diagnose.prerequisite_probe then delta.select; automatic route requires converging evidence"", ""representation_gap"": ""attach representation shift without rewriting formal anchor"", ""execution_gap"": ""attach checked micro-drill and recompute verification trace"", ""assessment_mode_gap"": ""attach only the failing MCQ/MSQ/NAT/timed/descriptive module"", ""constraint_gap"": ""attach time-risk compression or deadline triage while preserving mandatory conditions"", ""custom_source"": ""register PDF hash/page/source permissions and run conflict analysis before use"", ""verified_computation"": ""store provider/query/assumptions/output/version/reproducibility metadata""}","[""official_syllabus_scope_and_year"", ""official_question_pattern_and_marking_rules"", ""topic_definitions_theorems_algorithms_and_conditions"", ""prerequisite_dependencies_and_common_misconception_hypotheses"", ""historical_question_pattern_coding_with_evidence_label"", ""worked_examples_and_counterexamples"", ""assessment_mode_variants_mcq_msq_nat_and_descriptive_if_applicable"", ""learner_constraints_time_pressure_deadline_confidence_and_accessibility"", ""source_freshness_provenance_and_conflict_check""]","[""scope_and_definition"", ""prerequisite_and_dependency"", ""representation_and_language"", ""method_selection_and_conceptual_reasoning"", ""execution_and_calculation"", ""edge_cases_and_verification"", ""transfer_and_problem_solving"", ""assessment_mode"", ""time_and_exam_strategy"", ""negative_marking_and_risk"", ""retention_and_retrieval"", ""metacognition_and_feedback"", ""constraints_and_affective_load"", ""resource_and_content_fit""]","[""immediate_accuracy"", ""delayed_retrieval"", ""changed_surface_transfer"", ""time_to_method"", ""error_recurrence"", ""hint_dependence"", ""confidence_calibration"", ""support_burden""]","[""scope_pass"", ""claim_ledger_complete"", ""mathematics_pass"", ""assessment_pass"", ""citation_completeness"", ""accessibility_pass"", ""rollback_target_present""]",research_and_verification_required_before_authoritative_release
DE-06,Ordinary Differential Equations,Cauchy–Euler equations,"[""XE-A"", ""EE/ME overlap by wording""]","[""MCQ"", ""MSQ"", ""NAT""]","[""DE-05""]",[],research-required before generation; learner-impact claims require outcome validation,derivative,slope/rate graph + local linearization,"[""teach.hook"", ""teach.intuition"", ""teach.formal_anchor"", ""teach.method_selector"", ""teach.checked_example"", ""teach.counterexample"", ""assess.mcq"", ""assess.msq"", ""assess.nat"", ""verify.symbolic""]","[""verification"", ""counterexample_search"", ""representation_generation"", ""question_variation"", ""learner_exploration""]","[""symbolic derivative recomputation"", ""condition checks"", ""graph/slope sanity check""]","{""scope"": ""scope.resolve + verify.scope"", ""research"": ""research.brief + research.claims + research.sources + research.conflicts"", ""teaching"": [""teach.hook"", ""teach.intuition"", ""teach.formal_anchor"", ""teach.method_selector"", ""teach.checked_example"", ""teach.counterexample"", ""teach.recall"", ""teach.transfer""], ""assessment"": [""assess.mcq"", ""assess.msq"", ""assess.nat"", ""assess.timed"", ""assess.answer_audit""], ""renderers"": [""render.markdown"", ""render.manim"", ""render.question_card""]}","[""visual_first"", ""simple_words"", ""exam_timed"", ""prerequisite_repair"", ""hindi_glossary"", ""formula_light"", ""minimal_delta""]","{""prerequisite_gap"": ""diagnose.prerequisite_probe then delta.select; automatic route requires converging evidence"", ""representation_gap"": ""attach representation shift without rewriting formal anchor"", ""execution_gap"": ""attach checked micro-drill and recompute verification trace"", ""assessment_mode_gap"": ""attach only the failing MCQ/MSQ/NAT/timed/descriptive module"", ""constraint_gap"": ""attach time-risk compression or deadline triage while preserving mandatory conditions"", ""custom_source"": ""register PDF hash/page/source permissions and run conflict analysis before use"", ""verified_computation"": ""store provider/query/assumptions/output/version/reproducibility metadata""}","[""official_syllabus_scope_and_year"", ""official_question_pattern_and_marking_rules"", ""topic_definitions_theorems_algorithms_and_conditions"", ""prerequisite_dependencies_and_common_misconception_hypotheses"", ""historical_question_pattern_coding_with_evidence_label"", ""worked_examples_and_counterexamples"", ""assessment_mode_variants_mcq_msq_nat_and_descriptive_if_applicable"", ""learner_constraints_time_pressure_deadline_confidence_and_accessibility"", ""source_freshness_provenance_and_conflict_check""]","[""scope_and_definition"", ""prerequisite_and_dependency"", ""representation_and_language"", ""method_selection_and_conceptual_reasoning"", ""execution_and_calculation"", ""edge_cases_and_verification"", ""transfer_and_problem_solving"", ""assessment_mode"", ""time_and_exam_strategy"", ""negative_marking_and_risk"", ""retention_and_retrieval"", ""metacognition_and_feedback"", ""constraints_and_affective_load"", ""resource_and_content_fit""]","[""immediate_accuracy"", ""delayed_retrieval"", ""changed_surface_transfer"", ""time_to_method"", ""error_recurrence"", ""hint_dependence"", ""confidence_calibration"", ""support_burden""]","[""scope_pass"", ""claim_ledger_complete"", ""mathematics_pass"", ""assessment_pass"", ""citation_completeness"", ""accessibility_pass"", ""rollback_target_present""]",research_and_verification_required_before_authoritative_release
DE-07,Ordinary Differential Equations,Variable-coefficient linear equations,"[""XE-A""]","[""MCQ"", ""MSQ"", ""NAT""]","[""DE-05""]",[],research-required before generation; learner-impact claims require outcome validation,matrix,matrix/table + dimension overlay,"[""teach.hook"", ""teach.intuition"", ""teach.formal_anchor"", ""teach.checked_example"", ""assess.mcq"", ""assess.msq"", ""assess.nat"", ""verify.symbolic"", ""verify.dimension"", ""verify.scope""]","[""verification"", ""counterexample_search"", ""representation_generation"", ""question_variation"", ""learner_exploration""]","[""symbolic equivalence"", ""dimension compatibility"", ""determinant/rank/invertibility checks"", ""counterexample search""]","{""scope"": ""scope.resolve + verify.scope"", ""research"": ""research.brief + research.claims + research.sources + research.conflicts"", ""teaching"": [""teach.hook"", ""teach.intuition"", ""teach.formal_anchor"", ""teach.method_selector"", ""teach.checked_example"", ""teach.counterexample"", ""teach.recall"", ""teach.transfer""], ""assessment"": [""assess.mcq"", ""assess.msq"", ""assess.nat"", ""assess.timed"", ""assess.answer_audit""], ""renderers"": [""render.markdown"", ""render.manim"", ""render.question_card""]}","[""visual_first"", ""simple_words"", ""exam_timed"", ""prerequisite_repair"", ""hindi_glossary"", ""formula_light"", ""minimal_delta""]","{""prerequisite_gap"": ""diagnose.prerequisite_probe then delta.select; automatic route requires converging evidence"", ""representation_gap"": ""attach representation shift without rewriting formal anchor"", ""execution_gap"": ""attach checked micro-drill and recompute verification trace"", ""assessment_mode_gap"": ""attach only the failing MCQ/MSQ/NAT/timed/descriptive module"", ""constraint_gap"": ""attach time-risk compression or deadline triage while preserving mandatory conditions"", ""custom_source"": ""register PDF hash/page/source permissions and run conflict analysis before use"", ""verified_computation"": ""store provider/query/assumptions/output/version/reproducibility metadata""}","[""official_syllabus_scope_and_year"", ""official_question_pattern_and_marking_rules"", ""topic_definitions_theorems_algorithms_and_conditions"", ""prerequisite_dependencies_and_common_misconception_hypotheses"", ""historical_question_pattern_coding_with_evidence_label"", ""worked_examples_and_counterexamples"", ""assessment_mode_variants_mcq_msq_nat_and_descriptive_if_applicable"", ""learner_constraints_time_pressure_deadline_confidence_and_accessibility"", ""source_freshness_provenance_and_conflict_check""]","[""scope_and_definition"", ""prerequisite_and_dependency"", ""representation_and_language"", ""method_selection_and_conceptual_reasoning"", ""execution_and_calculation"", ""edge_cases_and_verification"", ""transfer_and_problem_solving"", ""assessment_mode"", ""time_and_exam_strategy"", ""negative_marking_and_risk"", ""retention_and_retrieval"", ""metacognition_and_feedback"", ""constraints_and_affective_load"", ""resource_and_content_fit""]","[""immediate_accuracy"", ""delayed_retrieval"", ""changed_surface_transfer"", ""time_to_method"", ""error_recurrence"", ""hint_dependence"", ""confidence_calibration"", ""support_burden""]","[""scope_pass"", ""claim_ledger_complete"", ""mathematics_pass"", ""assessment_pass"", ""citation_completeness"", ""accessibility_pass"", ""rollback_target_present""]",research_and_verification_required_before_authoritative_release
DE-08,Ordinary Differential Equations,Initial-value problems,"[""CE"", ""EE"", ""ME"", ""XE-A""]","[""MCQ"", ""MSQ"", ""NAT""]","[""DE-01"", ""DE-02"", ""DE-03"", ""DE-04""]","[""DE-09""]",research-required before generation; learner-impact claims require outcome validation,derivative,slope/rate graph + local linearization,"[""teach.hook"", ""teach.intuition"", ""teach.formal_anchor"", ""teach.method_selector"", ""teach.checked_example"", ""teach.counterexample"", ""assess.mcq"", ""assess.msq"", ""assess.nat"", ""verify.symbolic""]","[""verification"", ""counterexample_search"", ""representation_generation"", ""question_variation"", ""learner_exploration""]","[""symbolic derivative recomputation"", ""condition checks"", ""graph/slope sanity check""]","{""scope"": ""scope.resolve + verify.scope"", ""research"": ""research.brief + research.claims + research.sources + research.conflicts"", ""teaching"": [""teach.hook"", ""teach.intuition"", ""teach.formal_anchor"", ""teach.method_selector"", ""teach.checked_example"", ""teach.counterexample"", ""teach.recall"", ""teach.transfer""], ""assessment"": [""assess.mcq"", ""assess.msq"", ""assess.nat"", ""assess.timed"", ""assess.answer_audit""], ""renderers"": [""render.markdown"", ""render.manim"", ""render.question_card""]}","[""visual_first"", ""simple_words"", ""exam_timed"", ""prerequisite_repair"", ""hindi_glossary"", ""formula_light"", ""minimal_delta""]","{""prerequisite_gap"": ""diagnose.prerequisite_probe then delta.select; automatic route requires converging evidence"", ""representation_gap"": ""attach representation shift without rewriting formal anchor"", ""execution_gap"": ""attach checked micro-drill and recompute verification trace"", ""assessment_mode_gap"": ""attach only the failing MCQ/MSQ/NAT/timed/descriptive module"", ""constraint_gap"": ""attach time-risk compression or deadline triage while preserving mandatory conditions"", ""custom_source"": ""register PDF hash/page/source permissions and run conflict analysis before use"", ""verified_computation"": ""store provider/query/assumptions/output/version/reproducibility metadata""}","[""official_syllabus_scope_and_year"", ""official_question_pattern_and_marking_rules"", ""topic_definitions_theorems_algorithms_and_conditions"", ""prerequisite_dependencies_and_common_misconception_hypotheses"", ""historical_question_pattern_coding_with_evidence_label"", ""worked_examples_and_counterexamples"", ""assessment_mode_variants_mcq_msq_nat_and_descriptive_if_applicable"", ""learner_constraints_time_pressure_deadline_confidence_and_accessibility"", ""source_freshness_provenance_and_conflict_check""]","[""scope_and_definition"", ""prerequisite_and_dependency"", ""representation_and_language"", ""method_selection_and_conceptual_reasoning"", ""execution_and_calculation"", ""edge_cases_and_verification"", ""transfer_and_problem_solving"", ""assessment_mode"", ""time_and_exam_strategy"", ""negative_marking_and_risk"", ""retention_and_retrieval"", ""metacognition_and_feedback"", ""constraints_and_affective_load"", ""resource_and_content_fit""]","[""immediate_accuracy"", ""delayed_retrieval"", ""changed_surface_transfer"", ""time_to_method"", ""error_recurrence"", ""hint_dependence"", ""confidence_calibration"", ""support_burden""]","[""scope_pass"", ""claim_ledger_complete"", ""mathematics_pass"", ""assessment_pass"", ""citation_completeness"", ""accessibility_pass"", ""rollback_target_present""]",research_and_verification_required_before_authoritative_release
DE-09,Ordinary Differential Equations,Boundary-value problems,"[""CE"", ""EE"", ""ME"", ""XE-A""]","[""MCQ"", ""MSQ"", ""NAT""]","[""DE-08""]",[],research-required before generation; learner-impact claims require outcome validation,derivative,slope/rate graph + local linearization,"[""teach.hook"", ""teach.intuition"", ""teach.formal_anchor"", ""teach.method_selector"", ""teach.checked_example"", ""teach.counterexample"", ""assess.mcq"", ""assess.msq"", ""assess.nat"", ""verify.symbolic""]","[""verification"", ""counterexample_search"", ""representation_generation"", ""question_variation"", ""learner_exploration""]","[""symbolic derivative recomputation"", ""condition checks"", ""graph/slope sanity check""]","{""scope"": ""scope.resolve + verify.scope"", ""research"": ""research.brief + research.claims + research.sources + research.conflicts"", ""teaching"": [""teach.hook"", ""teach.intuition"", ""teach.formal_anchor"", ""teach.method_selector"", ""teach.checked_example"", ""teach.counterexample"", ""teach.recall"", ""teach.transfer""], ""assessment"": [""assess.mcq"", ""assess.msq"", ""assess.nat"", ""assess.timed"", ""assess.answer_audit""], ""renderers"": [""render.markdown"", ""render.manim"", ""render.question_card""]}","[""visual_first"", ""simple_words"", ""exam_timed"", ""prerequisite_repair"", ""hindi_glossary"", ""formula_light"", ""minimal_delta""]","{""prerequisite_gap"": ""diagnose.prerequisite_probe then delta.select; automatic route requires converging evidence"", ""representation_gap"": ""attach representation shift without rewriting formal anchor"", ""execution_gap"": ""attach checked micro-drill and recompute verification trace"", ""assessment_mode_gap"": ""attach only the failing MCQ/MSQ/NAT/timed/descriptive module"", ""constraint_gap"": ""attach time-risk compression or deadline triage while preserving mandatory conditions"", ""custom_source"": ""register PDF hash/page/source permissions and run conflict analysis before use"", ""verified_computation"": ""store provider/query/assumptions/output/version/reproducibility metadata""}","[""official_syllabus_scope_and_year"", ""official_question_pattern_and_marking_rules"", ""topic_definitions_theorems_algorithms_and_conditions"", ""prerequisite_dependencies_and_common_misconception_hypotheses"", ""historical_question_pattern_coding_with_evidence_label"", ""worked_examples_and_counterexamples"", ""assessment_mode_variants_mcq_msq_nat_and_descriptive_if_applicable"", ""learner_constraints_time_pressure_deadline_confidence_and_accessibility"", ""source_freshness_provenance_and_conflict_check""]","[""scope_and_definition"", ""prerequisite_and_dependency"", ""representation_and_language"", ""method_selection_and_conceptual_reasoning"", ""execution_and_calculation"", ""edge_cases_and_verification"", ""transfer_and_problem_solving"", ""assessment_mode"", ""time_and_exam_strategy"", ""negative_marking_and_risk"", ""retention_and_retrieval"", ""metacognition_and_feedback"", ""constraints_and_affective_load"", ""resource_and_content_fit""]","[""immediate_accuracy"", ""delayed_retrieval"", ""changed_surface_transfer"", ""time_to_method"", ""error_recurrence"", ""hint_dependence"", ""confidence_calibration"", ""support_burden""]","[""scope_pass"", ""claim_ledger_complete"", ""mathematics_pass"", ""assessment_pass"", ""citation_completeness"", ""accessibility_pass"", ""rollback_target_present""]",research_and_verification_required_before_authoritative_release
DE-10,Ordinary Differential Equations,Wronskian,"[""XE-A""]","[""MCQ"", ""MSQ"", ""NAT""]","[""DE-05""]","[""DE-11""]",research-required before generation; learner-impact claims require outcome validation,derivative,slope/rate graph + local linearization,"[""teach.hook"", ""teach.intuition"", ""teach.formal_anchor"", ""teach.method_selector"", ""teach.checked_example"", ""teach.counterexample"", ""assess.mcq"", ""assess.msq"", ""assess.nat"", ""verify.symbolic""]","[""verification"", ""counterexample_search"", ""representation_generation"", ""question_variation"", ""learner_exploration""]","[""symbolic derivative recomputation"", ""condition checks"", ""graph/slope sanity check""]","{""scope"": ""scope.resolve + verify.scope"", ""research"": ""research.brief + research.claims + research.sources + research.conflicts"", ""teaching"": [""teach.hook"", ""teach.intuition"", ""teach.formal_anchor"", ""teach.method_selector"", ""teach.checked_example"", ""teach.counterexample"", ""teach.recall"", ""teach.transfer""], ""assessment"": [""assess.mcq"", ""assess.msq"", ""assess.nat"", ""assess.timed"", ""assess.answer_audit""], ""renderers"": [""render.markdown"", ""render.manim"", ""render.question_card""]}","[""visual_first"", ""simple_words"", ""exam_timed"", ""prerequisite_repair"", ""hindi_glossary"", ""formula_light"", ""minimal_delta""]","{""prerequisite_gap"": ""diagnose.prerequisite_probe then delta.select; automatic route requires converging evidence"", ""representation_gap"": ""attach representation shift without rewriting formal anchor"", ""execution_gap"": ""attach checked micro-drill and recompute verification trace"", ""assessment_mode_gap"": ""attach only the failing MCQ/MSQ/NAT/timed/descriptive module"", ""constraint_gap"": ""attach time-risk compression or deadline triage while preserving mandatory conditions"", ""custom_source"": ""register PDF hash/page/source permissions and run conflict analysis before use"", ""verified_computation"": ""store provider/query/assumptions/output/version/reproducibility metadata""}","[""official_syllabus_scope_and_year"", ""official_question_pattern_and_marking_rules"", ""topic_definitions_theorems_algorithms_and_conditions"", ""prerequisite_dependencies_and_common_misconception_hypotheses"", ""historical_question_pattern_coding_with_evidence_label"", ""worked_examples_and_counterexamples"", ""assessment_mode_variants_mcq_msq_nat_and_descriptive_if_applicable"", ""learner_constraints_time_pressure_deadline_confidence_and_accessibility"", ""source_freshness_provenance_and_conflict_check""]","[""scope_and_definition"", ""prerequisite_and_dependency"", ""representation_and_language"", ""method_selection_and_conceptual_reasoning"", ""execution_and_calculation"", ""edge_cases_and_verification"", ""transfer_and_problem_solving"", ""assessment_mode"", ""time_and_exam_strategy"", ""negative_marking_and_risk"", ""retention_and_retrieval"", ""metacognition_and_feedback"", ""constraints_and_affective_load"", ""resource_and_content_fit""]","[""immediate_accuracy"", ""delayed_retrieval"", ""changed_surface_transfer"", ""time_to_method"", ""error_recurrence"", ""hint_dependence"", ""confidence_calibration"", ""support_burden""]","[""scope_pass"", ""claim_ledger_complete"", ""mathematics_pass"", ""assessment_pass"", ""citation_completeness"", ""accessibility_pass"", ""rollback_target_present""]",research_and_verification_required_before_authoritative_release
DE-11,Ordinary Differential Equations,Variation of parameters,"[""XE-A and branch-dependent scope""]","[""MCQ"", ""MSQ"", ""NAT""]","[""DE-05"", ""DE-10""]",[],research-required before generation; learner-impact claims require outcome validation,derivative,slope/rate graph + local linearization,"[""teach.hook"", ""teach.intuition"", ""teach.formal_anchor"", ""teach.method_selector"", ""teach.checked_example"", ""teach.counterexample"", ""assess.mcq"", ""assess.msq"", ""assess.nat"", ""verify.symbolic""]","[""verification"", ""counterexample_search"", ""representation_generation"", ""question_variation"", ""learner_exploration""]","[""symbolic derivative recomputation"", ""condition checks"", ""graph/slope sanity check""]","{""scope"": ""scope.resolve + verify.scope"", ""research"": ""research.brief + research.claims + research.sources + research.conflicts"", ""teaching"": [""teach.hook"", ""teach.intuition"", ""teach.formal_anchor"", ""teach.method_selector"", ""teach.checked_example"", ""teach.counterexample"", ""teach.recall"", ""teach.transfer""], ""assessment"": [""assess.mcq"", ""assess.msq"", ""assess.nat"", ""assess.timed"", ""assess.answer_audit""], ""renderers"": [""render.markdown"", ""render.manim"", ""render.question_card""]}","[""visual_first"", ""simple_words"", ""exam_timed"", ""prerequisite_repair"", ""hindi_glossary"", ""formula_light"", ""minimal_delta""]","{""prerequisite_gap"": ""diagnose.prerequisite_probe then delta.select; automatic route requires converging evidence"", ""representation_gap"": ""attach representation shift without rewriting formal anchor"", ""execution_gap"": ""attach checked micro-drill and recompute verification trace"", ""assessment_mode_gap"": ""attach only the failing MCQ/MSQ/NAT/timed/descriptive module"", ""constraint_gap"": ""attach time-risk compression or deadline triage while preserving mandatory conditions"", ""custom_source"": ""register PDF hash/page/source permissions and run conflict analysis before use"", ""verified_computation"": ""store provider/query/assumptions/output/version/reproducibility metadata""}","[""official_syllabus_scope_and_year"", ""official_question_pattern_and_marking_rules"", ""topic_definitions_theorems_algorithms_and_conditions"", ""prerequisite_dependencies_and_common_misconception_hypotheses"", ""historical_question_pattern_coding_with_evidence_label"", ""worked_examples_and_counterexamples"", ""assessment_mode_variants_mcq_msq_nat_and_descriptive_if_applicable"", ""learner_constraints_time_pressure_deadline_confidence_and_accessibility"", ""source_freshness_provenance_and_conflict_check""]","[""scope_and_definition"", ""prerequisite_and_dependency"", ""representation_and_language"", ""method_selection_and_conceptual_reasoning"", ""execution_and_calculation"", ""edge_cases_and_verification"", ""transfer_and_problem_solving"", ""assessment_mode"", ""time_and_exam_strategy"", ""negative_marking_and_risk"", ""retention_and_retrieval"", ""metacognition_and_feedback"", ""constraints_and_affective_load"", ""resource_and_content_fit""]","[""immediate_accuracy"", ""delayed_retrieval"", ""changed_surface_transfer"", ""time_to_method"", ""error_recurrence"", ""hint_dependence"", ""confidence_calibration"", ""support_burden""]","[""scope_pass"", ""claim_ledger_complete"", ""mathematics_pass"", ""assessment_pass"", ""citation_completeness"", ""accessibility_pass"", ""rollback_target_present""]",research_and_verification_required_before_authoritative_release
DE-12,Ordinary Differential Equations,Eigenvalue problems for second-order equations,"[""XE-A""]","[""MCQ"", ""MSQ"", ""NAT""]","[""DE-05""]","[""DE-13""]",research-required before generation; learner-impact claims require outcome validation,eigen,2D transformation + invariant direction + characteristic polynomial,"[""teach.hook"", ""teach.intuition"", ""teach.formal_anchor"", ""teach.checked_example"", ""teach.counterexample"", ""assess.mcq"", ""assess.msq"", ""assess.nat"", ""verify.symbolic"", ""verify.numeric"", ""verify.dimension""]","[""verification"", ""counterexample_search"", ""representation_generation"", ""question_variation"", ""learner_exploration""]","[""eigenpair recomputation"", ""trace/determinant cross-check"", ""nullspace verification"", ""multiplicity and diagonalization counterexamples""]","{""scope"": ""scope.resolve + verify.scope"", ""research"": ""research.brief + research.claims + research.sources + research.conflicts"", ""teaching"": [""teach.hook"", ""teach.intuition"", ""teach.formal_anchor"", ""teach.method_selector"", ""teach.checked_example"", ""teach.counterexample"", ""teach.recall"", ""teach.transfer""], ""assessment"": [""assess.mcq"", ""assess.msq"", ""assess.nat"", ""assess.timed"", ""assess.answer_audit""], ""renderers"": [""render.markdown"", ""render.manim"", ""render.question_card""]}","[""visual_first"", ""simple_words"", ""exam_timed"", ""prerequisite_repair"", ""hindi_glossary"", ""formula_light"", ""minimal_delta""]","{""prerequisite_gap"": ""diagnose.prerequisite_probe then delta.select; automatic route requires converging evidence"", ""representation_gap"": ""attach representation shift without rewriting formal anchor"", ""execution_gap"": ""attach checked micro-drill and recompute verification trace"", ""assessment_mode_gap"": ""attach only the failing MCQ/MSQ/NAT/timed/descriptive module"", ""constraint_gap"": ""attach time-risk compression or deadline triage while preserving mandatory conditions"", ""custom_source"": ""register PDF hash/page/source permissions and run conflict analysis before use"", ""verified_computation"": ""store provider/query/assumptions/output/version/reproducibility metadata""}","[""official_syllabus_scope_and_year"", ""official_question_pattern_and_marking_rules"", ""topic_definitions_theorems_algorithms_and_conditions"", ""prerequisite_dependencies_and_common_misconception_hypotheses"", ""historical_question_pattern_coding_with_evidence_label"", ""worked_examples_and_counterexamples"", ""assessment_mode_variants_mcq_msq_nat_and_descriptive_if_applicable"", ""learner_constraints_time_pressure_deadline_confidence_and_accessibility"", ""source_freshness_provenance_and_conflict_check""]","[""scope_and_definition"", ""prerequisite_and_dependency"", ""representation_and_language"", ""method_selection_and_conceptual_reasoning"", ""execution_and_calculation"", ""edge_cases_and_verification"", ""transfer_and_problem_solving"", ""assessment_mode"", ""time_and_exam_strategy"", ""negative_marking_and_risk"", ""retention_and_retrieval"", ""metacognition_and_feedback"", ""constraints_and_affective_load"", ""resource_and_content_fit""]","[""immediate_accuracy"", ""delayed_retrieval"", ""changed_surface_transfer"", ""time_to_method"", ""error_recurrence"", ""hint_dependence"", ""confidence_calibration"", ""support_burden""]","[""scope_pass"", ""claim_ledger_complete"", ""mathematics_pass"", ""assessment_pass"", ""citation_completeness"", ""accessibility_pass"", ""rollback_target_present""]",research_and_verification_required_before_authoritative_release
DE-13,Ordinary Differential Equations,Power-series solutions at ordinary points,"[""XE-A""]","[""MCQ"", ""MSQ"", ""NAT""]","[""DE-12""]",[],research-required before generation; learner-impact claims require outcome validation,derivative,slope/rate graph + local linearization,"[""teach.hook"", ""teach.intuition"", ""teach.formal_anchor"", ""teach.method_selector"", ""teach.checked_example"", ""teach.counterexample"", ""assess.mcq"", ""assess.msq"", ""assess.nat"", ""verify.symbolic""]","[""verification"", ""counterexample_search"", ""representation_generation"", ""question_variation"", ""learner_exploration""]","[""symbolic derivative recomputation"", ""condition checks"", ""graph/slope sanity check""]","{""scope"": ""scope.resolve + verify.scope"", ""research"": ""research.brief + research.claims + research.sources + research.conflicts"", ""teaching"": [""teach.hook"", ""teach.intuition"", ""teach.formal_anchor"", ""teach.method_selector"", ""teach.checked_example"", ""teach.counterexample"", ""teach.recall"", ""teach.transfer""], ""assessment"": [""assess.mcq"", ""assess.msq"", ""assess.nat"", ""assess.timed"", ""assess.answer_audit""], ""renderers"": [""render.markdown"", ""render.manim"", ""render.question_card""]}","[""visual_first"", ""simple_words"", ""exam_timed"", ""prerequisite_repair"", ""hindi_glossary"", ""formula_light"", ""minimal_delta""]","{""prerequisite_gap"": ""diagnose.prerequisite_probe then delta.select; automatic route requires converging evidence"", ""representation_gap"": ""attach representation shift without rewriting formal anchor"", ""execution_gap"": ""attach checked micro-drill and recompute verification trace"", ""assessment_mode_gap"": ""attach only the failing MCQ/MSQ/NAT/timed/descriptive module"", ""constraint_gap"": ""attach time-risk compression or deadline triage while preserving mandatory conditions"", ""custom_source"": ""register PDF hash/page/source permissions and run conflict analysis before use"", ""verified_computation"": ""store provider/query/assumptions/output/version/reproducibility metadata""}","[""official_syllabus_scope_and_year"", ""official_question_pattern_and_marking_rules"", ""topic_definitions_theorems_algorithms_and_conditions"", ""prerequisite_dependencies_and_common_misconception_hypotheses"", ""historical_question_pattern_coding_with_evidence_label"", ""worked_examples_and_counterexamples"", ""assessment_mode_variants_mcq_msq_nat_and_descriptive_if_applicable"", ""learner_constraints_time_pressure_deadline_confidence_and_accessibility"", ""source_freshness_provenance_and_conflict_check""]","[""scope_and_definition"", ""prerequisite_and_dependency"", ""representation_and_language"", ""method_selection_and_conceptual_reasoning"", ""execution_and_calculation"", ""edge_cases_and_verification"", ""transfer_and_problem_solving"", ""assessment_mode"", ""time_and_exam_strategy"", ""negative_marking_and_risk"", ""retention_and_retrieval"", ""metacognition_and_feedback"", ""constraints_and_affective_load"", ""resource_and_content_fit""]","[""immediate_accuracy"", ""delayed_retrieval"", ""changed_surface_transfer"", ""time_to_method"", ""error_recurrence"", ""hint_dependence"", ""confidence_calibration"", ""support_burden""]","[""scope_pass"", ""claim_ledger_complete"", ""mathematics_pass"", ""assessment_pass"", ""citation_completeness"", ""accessibility_pass"", ""rollback_target_present""]",research_and_verification_required_before_authoritative_release
DE-14,Ordinary Differential Equations,Laplace transforms in ODE solution,"[""ME and branch-dependent scope""]","[""MCQ"", ""MSQ"", ""NAT""]","[""DE-05""]",[],research-required before generation; learner-impact claims require outcome validation,derivative,slope/rate graph + local linearization,"[""teach.hook"", ""teach.intuition"", ""teach.formal_anchor"", ""teach.method_selector"", ""teach.checked_example"", ""teach.counterexample"", ""assess.mcq"", ""assess.msq"", ""assess.nat"", ""verify.symbolic""]","[""verification"", ""counterexample_search"", ""representation_generation"", ""question_variation"", ""learner_exploration""]","[""symbolic derivative recomputation"", ""condition checks"", ""graph/slope sanity check""]","{""scope"": ""scope.resolve + verify.scope"", ""research"": ""research.brief + research.claims + research.sources + research.conflicts"", ""teaching"": [""teach.hook"", ""teach.intuition"", ""teach.formal_anchor"", ""teach.method_selector"", ""teach.checked_example"", ""teach.counterexample"", ""teach.recall"", ""teach.transfer""], ""assessment"": [""assess.mcq"", ""assess.msq"", ""assess.nat"", ""assess.timed"", ""assess.answer_audit""], ""renderers"": [""render.markdown"", ""render.manim"", ""render.question_card""]}","[""visual_first"", ""simple_words"", ""exam_timed"", ""prerequisite_repair"", ""hindi_glossary"", ""formula_light"", ""minimal_delta""]","{""prerequisite_gap"": ""diagnose.prerequisite_probe then delta.select; automatic route requires converging evidence"", ""representation_gap"": ""attach representation shift without rewriting formal anchor"", ""execution_gap"": ""attach checked micro-drill and recompute verification trace"", ""assessment_mode_gap"": ""attach only the failing MCQ/MSQ/NAT/timed/descriptive module"", ""constraint_gap"": ""attach time-risk compression or deadline triage while preserving mandatory conditions"", ""custom_source"": ""register PDF hash/page/source permissions and run conflict analysis before use"", ""verified_computation"": ""store provider/query/assumptions/output/version/reproducibility metadata""}","[""official_syllabus_scope_and_year"", ""official_question_pattern_and_marking_rules"", ""topic_definitions_theorems_algorithms_and_conditions"", ""prerequisite_dependencies_and_common_misconception_hypotheses"", ""historical_question_pattern_coding_with_evidence_label"", ""worked_examples_and_counterexamples"", ""assessment_mode_variants_mcq_msq_nat_and_descriptive_if_applicable"", ""learner_constraints_time_pressure_deadline_confidence_and_accessibility"", ""source_freshness_provenance_and_conflict_check""]","[""scope_and_definition"", ""prerequisite_and_dependency"", ""representation_and_language"", ""method_selection_and_conceptual_reasoning"", ""execution_and_calculation"", ""edge_cases_and_verification"", ""transfer_and_problem_solving"", ""assessment_mode"", ""time_and_exam_strategy"", ""negative_marking_and_risk"", ""retention_and_retrieval"", ""metacognition_and_feedback"", ""constraints_and_affective_load"", ""resource_and_content_fit""]","[""immediate_accuracy"", ""delayed_retrieval"", ""changed_surface_transfer"", ""time_to_method"", ""error_recurrence"", ""hint_dependence"", ""confidence_calibration"", ""support_burden""]","[""scope_pass"", ""claim_ledger_complete"", ""mathematics_pass"", ""assessment_pass"", ""citation_completeness"", ""accessibility_pass"", ""rollback_target_present""]",research_and_verification_required_before_authoritative_release
PD-01,Partial Differential Equations,Classification of second-order linear PDEs,"[""XE-A""]","[""MCQ"", ""MSQ"", ""NAT""]","[""CA-15"", ""CA-16""]","[""PD-02"", ""PD-07"", ""PD-08""]",research-required before generation; learner-impact claims require outcome validation,matrix,matrix/table + dimension overlay,"[""teach.hook"", ""teach.intuition"", ""teach.formal_anchor"", ""teach.checked_example"", ""assess.mcq"", ""assess.msq"", ""assess.nat"", ""verify.symbolic"", ""verify.dimension"", ""verify.scope""]","[""verification"", ""counterexample_search"", ""representation_generation"", ""question_variation"", ""learner_exploration""]","[""symbolic equivalence"", ""dimension compatibility"", ""determinant/rank/invertibility checks"", ""counterexample search""]","{""scope"": ""scope.resolve + verify.scope"", ""research"": ""research.brief + research.claims + research.sources + research.conflicts"", ""teaching"": [""teach.hook"", ""teach.intuition"", ""teach.formal_anchor"", ""teach.method_selector"", ""teach.checked_example"", ""teach.counterexample"", ""teach.recall"", ""teach.transfer""], ""assessment"": [""assess.mcq"", ""assess.msq"", ""assess.nat"", ""assess.timed"", ""assess.answer_audit""], ""renderers"": [""render.markdown"", ""render.manim"", ""render.question_card""]}","[""visual_first"", ""simple_words"", ""exam_timed"", ""prerequisite_repair"", ""hindi_glossary"", ""formula_light"", ""minimal_delta""]","{""prerequisite_gap"": ""diagnose.prerequisite_probe then delta.select; automatic route requires converging evidence"", ""representation_gap"": ""attach representation shift without rewriting formal anchor"", ""execution_gap"": ""attach checked micro-drill and recompute verification trace"", ""assessment_mode_gap"": ""attach only the failing MCQ/MSQ/NAT/timed/descriptive module"", ""constraint_gap"": ""attach time-risk compression or deadline triage while preserving mandatory conditions"", ""custom_source"": ""register PDF hash/page/source permissions and run conflict analysis before use"", ""verified_computation"": ""store provider/query/assumptions/output/version/reproducibility metadata""}","[""official_syllabus_scope_and_year"", ""official_question_pattern_and_marking_rules"", ""topic_definitions_theorems_algorithms_and_conditions"", ""prerequisite_dependencies_and_common_misconception_hypotheses"", ""historical_question_pattern_coding_with_evidence_label"", ""worked_examples_and_counterexamples"", ""assessment_mode_variants_mcq_msq_nat_and_descriptive_if_applicable"", ""learner_constraints_time_pressure_deadline_confidence_and_accessibility"", ""source_freshness_provenance_and_conflict_check""]","[""scope_and_definition"", ""prerequisite_and_dependency"", ""representation_and_language"", ""method_selection_and_conceptual_reasoning"", ""execution_and_calculation"", ""edge_cases_and_verification"", ""transfer_and_problem_solving"", ""assessment_mode"", ""time_and_exam_strategy"", ""negative_marking_and_risk"", ""retention_and_retrieval"", ""metacognition_and_feedback"", ""constraints_and_affective_load"", ""resource_and_content_fit""]","[""immediate_accuracy"", ""delayed_retrieval"", ""changed_surface_transfer"", ""time_to_method"", ""error_recurrence"", ""hint_dependence"", ""confidence_calibration"", ""support_burden""]","[""scope_pass"", ""claim_ledger_complete"", ""mathematics_pass"", ""assessment_pass"", ""citation_completeness"", ""accessibility_pass"", ""rollback_target_present""]",research_and_verification_required_before_authoritative_release
PD-02,Partial Differential Equations,Separation of variables,"[""CE"", ""EE"", ""ME"", ""XE-A""]","[""MCQ"", ""MSQ"", ""NAT""]","[""DE-01"", ""DE-05"", ""PD-01""]","[""PD-03"", ""PD-04"", ""PD-05"", ""PD-06""]",research-required before generation; learner-impact claims require outcome validation,derivative,slope/rate graph + local linearization,"[""teach.hook"", ""teach.intuition"", ""teach.formal_anchor"", ""teach.method_selector"", ""teach.checked_example"", ""teach.counterexample"", ""assess.mcq"", ""assess.msq"", ""assess.nat"", ""verify.symbolic""]","[""verification"", ""counterexample_search"", ""representation_generation"", ""question_variation"", ""learner_exploration""]","[""symbolic derivative recomputation"", ""condition checks"", ""graph/slope sanity check""]","{""scope"": ""scope.resolve + verify.scope"", ""research"": ""research.brief + research.claims + research.sources + research.conflicts"", ""teaching"": [""teach.hook"", ""teach.intuition"", ""teach.formal_anchor"", ""teach.method_selector"", ""teach.checked_example"", ""teach.counterexample"", ""teach.recall"", ""teach.transfer""], ""assessment"": [""assess.mcq"", ""assess.msq"", ""assess.nat"", ""assess.timed"", ""assess.answer_audit""], ""renderers"": [""render.markdown"", ""render.manim"", ""render.question_card""]}","[""visual_first"", ""simple_words"", ""exam_timed"", ""prerequisite_repair"", ""hindi_glossary"", ""formula_light"", ""minimal_delta""]","{""prerequisite_gap"": ""diagnose.prerequisite_probe then delta.select; automatic route requires converging evidence"", ""representation_gap"": ""attach representation shift without rewriting formal anchor"", ""execution_gap"": ""attach checked micro-drill and recompute verification trace"", ""assessment_mode_gap"": ""attach only the failing MCQ/MSQ/NAT/timed/descriptive module"", ""constraint_gap"": ""attach time-risk compression or deadline triage while preserving mandatory conditions"", ""custom_source"": ""register PDF hash/page/source permissions and run conflict analysis before use"", ""verified_computation"": ""store provider/query/assumptions/output/version/reproducibility metadata""}","[""official_syllabus_scope_and_year"", ""official_question_pattern_and_marking_rules"", ""topic_definitions_theorems_algorithms_and_conditions"", ""prerequisite_dependencies_and_common_misconception_hypotheses"", ""historical_question_pattern_coding_with_evidence_label"", ""worked_examples_and_counterexamples"", ""assessment_mode_variants_mcq_msq_nat_and_descriptive_if_applicable"", ""learner_constraints_time_pressure_deadline_confidence_and_accessibility"", ""source_freshness_provenance_and_conflict_check""]","[""scope_and_definition"", ""prerequisite_and_dependency"", ""representation_and_language"", ""method_selection_and_conceptual_reasoning"", ""execution_and_calculation"", ""edge_cases_and_verification"", ""transfer_and_problem_solving"", ""assessment_mode"", ""time_and_exam_strategy"", ""negative_marking_and_risk"", ""retention_and_retrieval"", ""metacognition_and_feedback"", ""constraints_and_affective_load"", ""resource_and_content_fit""]","[""immediate_accuracy"", ""delayed_retrieval"", ""changed_surface_transfer"", ""time_to_method"", ""error_recurrence"", ""hint_dependence"", ""confidence_calibration"", ""support_burden""]","[""scope_pass"", ""claim_ledger_complete"", ""mathematics_pass"", ""assessment_pass"", ""citation_completeness"", ""accessibility_pass"", ""rollback_target_present""]",research_and_verification_required_before_authoritative_release
PD-03,Partial Differential Equations,One-dimensional heat/diffusion equation,"[""CE"", ""XE-A and ME overlap""]","[""MCQ"", ""MSQ"", ""NAT""]","[""PD-02"", ""PD-06"", ""PD-07""]","[""PD-08""]",research-required before generation; learner-impact claims require outcome validation,derivative,slope/rate graph + local linearization,"[""teach.hook"", ""teach.intuition"", ""teach.formal_anchor"", ""teach.method_selector"", ""teach.checked_example"", ""teach.counterexample"", ""assess.mcq"", ""assess.msq"", ""assess.nat"", ""verify.symbolic""]","[""verification"", ""counterexample_search"", ""representation_generation"", ""question_variation"", ""learner_exploration""]","[""symbolic derivative recomputation"", ""condition checks"", ""graph/slope sanity check""]","{""scope"": ""scope.resolve + verify.scope"", ""research"": ""research.brief + research.claims + research.sources + research.conflicts"", ""teaching"": [""teach.hook"", ""teach.intuition"", ""teach.formal_anchor"", ""teach.method_selector"", ""teach.checked_example"", ""teach.counterexample"", ""teach.recall"", ""teach.transfer""], ""assessment"": [""assess.mcq"", ""assess.msq"", ""assess.nat"", ""assess.timed"", ""assess.answer_audit""], ""renderers"": [""render.markdown"", ""render.manim"", ""render.question_card""]}","[""visual_first"", ""simple_words"", ""exam_timed"", ""prerequisite_repair"", ""hindi_glossary"", ""formula_light"", ""minimal_delta""]","{""prerequisite_gap"": ""diagnose.prerequisite_probe then delta.select; automatic route requires converging evidence"", ""representation_gap"": ""attach representation shift without rewriting formal anchor"", ""execution_gap"": ""attach checked micro-drill and recompute verification trace"", ""assessment_mode_gap"": ""attach only the failing MCQ/MSQ/NAT/timed/descriptive module"", ""constraint_gap"": ""attach time-risk compression or deadline triage while preserving mandatory conditions"", ""custom_source"": ""register PDF hash/page/source permissions and run conflict analysis before use"", ""verified_computation"": ""store provider/query/assumptions/output/version/reproducibility metadata""}","[""official_syllabus_scope_and_year"", ""official_question_pattern_and_marking_rules"", ""topic_definitions_theorems_algorithms_and_conditions"", ""prerequisite_dependencies_and_common_misconception_hypotheses"", ""historical_question_pattern_coding_with_evidence_label"", ""worked_examples_and_counterexamples"", ""assessment_mode_variants_mcq_msq_nat_and_descriptive_if_applicable"", ""learner_constraints_time_pressure_deadline_confidence_and_accessibility"", ""source_freshness_provenance_and_conflict_check""]","[""scope_and_definition"", ""prerequisite_and_dependency"", ""representation_and_language"", ""method_selection_and_conceptual_reasoning"", ""execution_and_calculation"", ""edge_cases_and_verification"", ""transfer_and_problem_solving"", ""assessment_mode"", ""time_and_exam_strategy"", ""negative_marking_and_risk"", ""retention_and_retrieval"", ""metacognition_and_feedback"", ""constraints_and_affective_load"", ""resource_and_content_fit""]","[""immediate_accuracy"", ""delayed_retrieval"", ""changed_surface_transfer"", ""time_to_method"", ""error_recurrence"", ""hint_dependence"", ""confidence_calibration"", ""support_burden""]","[""scope_pass"", ""claim_ledger_complete"", ""mathematics_pass"", ""assessment_pass"", ""citation_completeness"", ""accessibility_pass"", ""rollback_target_present""]",research_and_verification_required_before_authoritative_release
PD-04,Partial Differential Equations,One-dimensional wave equation,"[""CE and ME""]","[""MCQ"", ""MSQ"", ""NAT""]","[""PD-02"", ""PD-06"", ""PD-07""]","[""PD-08""]",research-required before generation; learner-impact claims require outcome validation,derivative,slope/rate graph + local linearization,"[""teach.hook"", ""teach.intuition"", ""teach.formal_anchor"", ""teach.method_selector"", ""teach.checked_example"", ""teach.counterexample"", ""assess.mcq"", ""assess.msq"", ""assess.nat"", ""verify.symbolic""]","[""verification"", ""counterexample_search"", ""representation_generation"", ""question_variation"", ""learner_exploration""]","[""symbolic derivative recomputation"", ""condition checks"", ""graph/slope sanity check""]","{""scope"": ""scope.resolve + verify.scope"", ""research"": ""research.brief + research.claims + research.sources + research.conflicts"", ""teaching"": [""teach.hook"", ""teach.intuition"", ""teach.formal_anchor"", ""teach.method_selector"", ""teach.checked_example"", ""teach.counterexample"", ""teach.recall"", ""teach.transfer""], ""assessment"": [""assess.mcq"", ""assess.msq"", ""assess.nat"", ""assess.timed"", ""assess.answer_audit""], ""renderers"": [""render.markdown"", ""render.manim"", ""render.question_card""]}","[""visual_first"", ""simple_words"", ""exam_timed"", ""prerequisite_repair"", ""hindi_glossary"", ""formula_light"", ""minimal_delta""]","{""prerequisite_gap"": ""diagnose.prerequisite_probe then delta.select; automatic route requires converging evidence"", ""representation_gap"": ""attach representation shift without rewriting formal anchor"", ""execution_gap"": ""attach checked micro-drill and recompute verification trace"", ""assessment_mode_gap"": ""attach only the failing MCQ/MSQ/NAT/timed/descriptive module"", ""constraint_gap"": ""attach time-risk compression or deadline triage while preserving mandatory conditions"", ""custom_source"": ""register PDF hash/page/source permissions and run conflict analysis before use"", ""verified_computation"": ""store provider/query/assumptions/output/version/reproducibility metadata""}","[""official_syllabus_scope_and_year"", ""official_question_pattern_and_marking_rules"", ""topic_definitions_theorems_algorithms_and_conditions"", ""prerequisite_dependencies_and_common_misconception_hypotheses"", ""historical_question_pattern_coding_with_evidence_label"", ""worked_examples_and_counterexamples"", ""assessment_mode_variants_mcq_msq_nat_and_descriptive_if_applicable"", ""learner_constraints_time_pressure_deadline_confidence_and_accessibility"", ""source_freshness_provenance_and_conflict_check""]","[""scope_and_definition"", ""prerequisite_and_dependency"", ""representation_and_language"", ""method_selection_and_conceptual_reasoning"", ""execution_and_calculation"", ""edge_cases_and_verification"", ""transfer_and_problem_solving"", ""assessment_mode"", ""time_and_exam_strategy"", ""negative_marking_and_risk"", ""retention_and_retrieval"", ""metacognition_and_feedback"", ""constraints_and_affective_load"", ""resource_and_content_fit""]","[""immediate_accuracy"", ""delayed_retrieval"", ""changed_surface_transfer"", ""time_to_method"", ""error_recurrence"", ""hint_dependence"", ""confidence_calibration"", ""support_burden""]","[""scope_pass"", ""claim_ledger_complete"", ""mathematics_pass"", ""assessment_pass"", ""citation_completeness"", ""accessibility_pass"", ""rollback_target_present""]",research_and_verification_required_before_authoritative_release
PD-05,Partial Differential Equations,Two-dimensional Laplace equation,"[""CE"", ""ME"", ""XE-A""]","[""MCQ"", ""MSQ"", ""NAT""]","[""PD-02"", ""PD-06"", ""PD-07""]","[""PD-08""]",research-required before generation; learner-impact claims require outcome validation,derivative,slope/rate graph + local linearization,"[""teach.hook"", ""teach.intuition"", ""teach.formal_anchor"", ""teach.method_selector"", ""teach.checked_example"", ""teach.counterexample"", ""assess.mcq"", ""assess.msq"", ""assess.nat"", ""verify.symbolic""]","[""verification"", ""counterexample_search"", ""representation_generation"", ""question_variation"", ""learner_exploration""]","[""symbolic derivative recomputation"", ""condition checks"", ""graph/slope sanity check""]","{""scope"": ""scope.resolve + verify.scope"", ""research"": ""research.brief + research.claims + research.sources + research.conflicts"", ""teaching"": [""teach.hook"", ""teach.intuition"", ""teach.formal_anchor"", ""teach.method_selector"", ""teach.checked_example"", ""teach.counterexample"", ""teach.recall"", ""teach.transfer""], ""assessment"": [""assess.mcq"", ""assess.msq"", ""assess.nat"", ""assess.timed"", ""assess.answer_audit""], ""renderers"": [""render.markdown"", ""render.manim"", ""render.question_card""]}","[""visual_first"", ""simple_words"", ""exam_timed"", ""prerequisite_repair"", ""hindi_glossary"", ""formula_light"", ""minimal_delta""]","{""prerequisite_gap"": ""diagnose.prerequisite_probe then delta.select; automatic route requires converging evidence"", ""representation_gap"": ""attach representation shift without rewriting formal anchor"", ""execution_gap"": ""attach checked micro-drill and recompute verification trace"", ""assessment_mode_gap"": ""attach only the failing MCQ/MSQ/NAT/timed/descriptive module"", ""constraint_gap"": ""attach time-risk compression or deadline triage while preserving mandatory conditions"", ""custom_source"": ""register PDF hash/page/source permissions and run conflict analysis before use"", ""verified_computation"": ""store provider/query/assumptions/output/version/reproducibility metadata""}","[""official_syllabus_scope_and_year"", ""official_question_pattern_and_marking_rules"", ""topic_definitions_theorems_algorithms_and_conditions"", ""prerequisite_dependencies_and_common_misconception_hypotheses"", ""historical_question_pattern_coding_with_evidence_label"", ""worked_examples_and_counterexamples"", ""assessment_mode_variants_mcq_msq_nat_and_descriptive_if_applicable"", ""learner_constraints_time_pressure_deadline_confidence_and_accessibility"", ""source_freshness_provenance_and_conflict_check""]","[""scope_and_definition"", ""prerequisite_and_dependency"", ""representation_and_language"", ""method_selection_and_conceptual_reasoning"", ""execution_and_calculation"", ""edge_cases_and_verification"", ""transfer_and_problem_solving"", ""assessment_mode"", ""time_and_exam_strategy"", ""negative_marking_and_risk"", ""retention_and_retrieval"", ""metacognition_and_feedback"", ""constraints_and_affective_load"", ""resource_and_content_fit""]","[""immediate_accuracy"", ""delayed_retrieval"", ""changed_surface_transfer"", ""time_to_method"", ""error_recurrence"", ""hint_dependence"", ""confidence_calibration"", ""support_burden""]","[""scope_pass"", ""claim_ledger_complete"", ""mathematics_pass"", ""assessment_pass"", ""citation_completeness"", ""accessibility_pass"", ""rollback_target_present""]",research_and_verification_required_before_authoritative_release
PD-06,Partial Differential Equations,Fourier-series boundary representation,"[""CE"", ""XE-A and branch-dependent scope""]","[""MCQ"", ""MSQ"", ""NAT""]","[""CA-09"", ""CA-11"", ""PD-02""]","[""PD-03"", ""PD-04"", ""PD-05""]",research-required before generation; learner-impact claims require outcome validation,derivative,slope/rate graph + local linearization,"[""teach.hook"", ""teach.intuition"", ""teach.formal_anchor"", ""teach.method_selector"", ""teach.checked_example"", ""teach.counterexample"", ""assess.mcq"", ""assess.msq"", ""assess.nat"", ""verify.symbolic""]","[""verification"", ""counterexample_search"", ""representation_generation"", ""question_variation"", ""learner_exploration""]","[""symbolic derivative recomputation"", ""condition checks"", ""graph/slope sanity check""]","{""scope"": ""scope.resolve + verify.scope"", ""research"": ""research.brief + research.claims + research.sources + research.conflicts"", ""teaching"": [""teach.hook"", ""teach.intuition"", ""teach.formal_anchor"", ""teach.method_selector"", ""teach.checked_example"", ""teach.counterexample"", ""teach.recall"", ""teach.transfer""], ""assessment"": [""assess.mcq"", ""assess.msq"", ""assess.nat"", ""assess.timed"", ""assess.answer_audit""], ""renderers"": [""render.markdown"", ""render.manim"", ""render.question_card""]}","[""visual_first"", ""simple_words"", ""exam_timed"", ""prerequisite_repair"", ""hindi_glossary"", ""formula_light"", ""minimal_delta""]","{""prerequisite_gap"": ""diagnose.prerequisite_probe then delta.select; automatic route requires converging evidence"", ""representation_gap"": ""attach representation shift without rewriting formal anchor"", ""execution_gap"": ""attach checked micro-drill and recompute verification trace"", ""assessment_mode_gap"": ""attach only the failing MCQ/MSQ/NAT/timed/descriptive module"", ""constraint_gap"": ""attach time-risk compression or deadline triage while preserving mandatory conditions"", ""custom_source"": ""register PDF hash/page/source permissions and run conflict analysis before use"", ""verified_computation"": ""store provider/query/assumptions/output/version/reproducibility metadata""}","[""official_syllabus_scope_and_year"", ""official_question_pattern_and_marking_rules"", ""topic_definitions_theorems_algorithms_and_conditions"", ""prerequisite_dependencies_and_common_misconception_hypotheses"", ""historical_question_pattern_coding_with_evidence_label"", ""worked_examples_and_counterexamples"", ""assessment_mode_variants_mcq_msq_nat_and_descriptive_if_applicable"", ""learner_constraints_time_pressure_deadline_confidence_and_accessibility"", ""source_freshness_provenance_and_conflict_check""]","[""scope_and_definition"", ""prerequisite_and_dependency"", ""representation_and_language"", ""method_selection_and_conceptual_reasoning"", ""execution_and_calculation"", ""edge_cases_and_verification"", ""transfer_and_problem_solving"", ""assessment_mode"", ""time_and_exam_strategy"", ""negative_marking_and_risk"", ""retention_and_retrieval"", ""metacognition_and_feedback"", ""constraints_and_affective_load"", ""resource_and_content_fit""]","[""immediate_accuracy"", ""delayed_retrieval"", ""changed_surface_transfer"", ""time_to_method"", ""error_recurrence"", ""hint_dependence"", ""confidence_calibration"", ""support_burden""]","[""scope_pass"", ""claim_ledger_complete"", ""mathematics_pass"", ""assessment_pass"", ""citation_completeness"", ""accessibility_pass"", ""rollback_target_present""]",research_and_verification_required_before_authoritative_release
PD-07,Partial Differential Equations,Initial and boundary condition compatibility,"[""CE"", ""EE"", ""ME"", ""XE-A""]","[""MCQ"", ""MSQ"", ""NAT""]","[""PD-01""]","[""PD-03"", ""PD-04"", ""PD-05""]",research-required before generation; learner-impact claims require outcome validation,derivative,slope/rate graph + local linearization,"[""teach.hook"", ""teach.intuition"", ""teach.formal_anchor"", ""teach.method_selector"", ""teach.checked_example"", ""teach.counterexample"", ""assess.mcq"", ""assess.msq"", ""assess.nat"", ""verify.symbolic""]","[""verification"", ""counterexample_search"", ""representation_generation"", ""question_variation"", ""learner_exploration""]","[""symbolic derivative recomputation"", ""condition checks"", ""graph/slope sanity check""]","{""scope"": ""scope.resolve + verify.scope"", ""research"": ""research.brief + research.claims + research.sources + research.conflicts"", ""teaching"": [""teach.hook"", ""teach.intuition"", ""teach.formal_anchor"", ""teach.method_selector"", ""teach.checked_example"", ""teach.counterexample"", ""teach.recall"", ""teach.transfer""], ""assessment"": [""assess.mcq"", ""assess.msq"", ""assess.nat"", ""assess.timed"", ""assess.answer_audit""], ""renderers"": [""render.markdown"", ""render.manim"", ""render.question_card""]}","[""visual_first"", ""simple_words"", ""exam_timed"", ""prerequisite_repair"", ""hindi_glossary"", ""formula_light"", ""minimal_delta""]","{""prerequisite_gap"": ""diagnose.prerequisite_probe then delta.select; automatic route requires converging evidence"", ""representation_gap"": ""attach representation shift without rewriting formal anchor"", ""execution_gap"": ""attach checked micro-drill and recompute verification trace"", ""assessment_mode_gap"": ""attach only the failing MCQ/MSQ/NAT/timed/descriptive module"", ""constraint_gap"": ""attach time-risk compression or deadline triage while preserving mandatory conditions"", ""custom_source"": ""register PDF hash/page/source permissions and run conflict analysis before use"", ""verified_computation"": ""store provider/query/assumptions/output/version/reproducibility metadata""}","[""official_syllabus_scope_and_year"", ""official_question_pattern_and_marking_rules"", ""topic_definitions_theorems_algorithms_and_conditions"", ""prerequisite_dependencies_and_common_misconception_hypotheses"", ""historical_question_pattern_coding_with_evidence_label"", ""worked_examples_and_counterexamples"", ""assessment_mode_variants_mcq_msq_nat_and_descriptive_if_applicable"", ""learner_constraints_time_pressure_deadline_confidence_and_accessibility"", ""source_freshness_provenance_and_conflict_check""]","[""scope_and_definition"", ""prerequisite_and_dependency"", ""representation_and_language"", ""method_selection_and_conceptual_reasoning"", ""execution_and_calculation"", ""edge_cases_and_verification"", ""transfer_and_problem_solving"", ""assessment_mode"", ""time_and_exam_strategy"", ""negative_marking_and_risk"", ""retention_and_retrieval"", ""metacognition_and_feedback"", ""constraints_and_affective_load"", ""resource_and_content_fit""]","[""immediate_accuracy"", ""delayed_retrieval"", ""changed_surface_transfer"", ""time_to_method"", ""error_recurrence"", ""hint_dependence"", ""confidence_calibration"", ""support_burden""]","[""scope_pass"", ""claim_ledger_complete"", ""mathematics_pass"", ""assessment_pass"", ""citation_completeness"", ""accessibility_pass"", ""rollback_target_present""]",research_and_verification_required_before_authoritative_release
PD-08,Partial Differential Equations,PDE solution interpretation and verification,"[""CE"", ""ME"", ""XE-A""]","[""MCQ"", ""MSQ"", ""NAT""]","[""PD-01"", ""PD-03"", ""PD-04"", ""PD-05""]",[],research-required before generation; learner-impact claims require outcome validation,derivative,slope/rate graph + local linearization,"[""teach.hook"", ""teach.intuition"", ""teach.formal_anchor"", ""teach.method_selector"", ""teach.checked_example"", ""teach.counterexample"", ""assess.mcq"", ""assess.msq"", ""assess.nat"", ""verify.symbolic""]","[""verification"", ""counterexample_search"", ""representation_generation"", ""question_variation"", ""learner_exploration""]","[""symbolic derivative recomputation"", ""condition checks"", ""graph/slope sanity check""]","{""scope"": ""scope.resolve + verify.scope"", ""research"": ""research.brief + research.claims + research.sources + research.conflicts"", ""teaching"": [""teach.hook"", ""teach.intuition"", ""teach.formal_anchor"", ""teach.method_selector"", ""teach.checked_example"", ""teach.counterexample"", ""teach.recall"", ""teach.transfer""], ""assessment"": [""assess.mcq"", ""assess.msq"", ""assess.nat"", ""assess.timed"", ""assess.answer_audit""], ""renderers"": [""render.markdown"", ""render.manim"", ""render.question_card""]}","[""visual_first"", ""simple_words"", ""exam_timed"", ""prerequisite_repair"", ""hindi_glossary"", ""formula_light"", ""minimal_delta""]","{""prerequisite_gap"": ""diagnose.prerequisite_probe then delta.select; automatic route requires converging evidence"", ""representation_gap"": ""attach representation shift without rewriting formal anchor"", ""execution_gap"": ""attach checked micro-drill and recompute verification trace"", ""assessment_mode_gap"": ""attach only the failing MCQ/MSQ/NAT/timed/descriptive module"", ""constraint_gap"": ""attach time-risk compression or deadline triage while preserving mandatory conditions"", ""custom_source"": ""register PDF hash/page/source permissions and run conflict analysis before use"", ""verified_computation"": ""store provider/query/assumptions/output/version/reproducibility metadata""}","[""official_syllabus_scope_and_year"", ""official_question_pattern_and_marking_rules"", ""topic_definitions_theorems_algorithms_and_conditions"", ""prerequisite_dependencies_and_common_misconception_hypotheses"", ""historical_question_pattern_coding_with_evidence_label"", ""worked_examples_and_counterexamples"", ""assessment_mode_variants_mcq_msq_nat_and_descriptive_if_applicable"", ""learner_constraints_time_pressure_deadline_confidence_and_accessibility"", ""source_freshness_provenance_and_conflict_check""]","[""scope_and_definition"", ""prerequisite_and_dependency"", ""representation_and_language"", ""method_selection_and_conceptual_reasoning"", ""execution_and_calculation"", ""edge_cases_and_verification"", ""transfer_and_problem_solving"", ""assessment_mode"", ""time_and_exam_strategy"", ""negative_marking_and_risk"", ""retention_and_retrieval"", ""metacognition_and_feedback"", ""constraints_and_affective_load"", ""resource_and_content_fit""]","[""immediate_accuracy"", ""delayed_retrieval"", ""changed_surface_transfer"", ""time_to_method"", ""error_recurrence"", ""hint_dependence"", ""confidence_calibration"", ""support_burden""]","[""scope_pass"", ""claim_ledger_complete"", ""mathematics_pass"", ""assessment_pass"", ""citation_completeness"", ""accessibility_pass"", ""rollback_target_present""]",research_and_verification_required_before_authoritative_release
CX-01,Complex Variables,Complex numbers and algebra,"[""EE"", ""ME"", ""XE-A""]","[""MCQ"", ""MSQ"", ""NAT""]",[],"[""CX-02"", ""CX-03""]",research-required before generation; learner-impact claims require outcome validation,complex,Argand-plane mapping + contour/singularity geometry,"[""teach.hook"", ""teach.intuition"", ""teach.formal_anchor"", ""teach.method_selector"", ""teach.checked_example"", ""teach.counterexample"", ""assess.mcq"", ""assess.msq"", ""assess.nat"", ""verify.symbolic""]","[""verification"", ""counterexample_search"", ""representation_generation"", ""question_variation"", ""learner_exploration""]","[""symbolic simplification"", ""analyticity/condition check"", ""residue/contour recomputation""]","{""scope"": ""scope.resolve + verify.scope"", ""research"": ""research.brief + research.claims + research.sources + research.conflicts"", ""teaching"": [""teach.hook"", ""teach.intuition"", ""teach.formal_anchor"", ""teach.method_selector"", ""teach.checked_example"", ""teach.counterexample"", ""teach.recall"", ""teach.transfer""], ""assessment"": [""assess.mcq"", ""assess.msq"", ""assess.nat"", ""assess.timed"", ""assess.answer_audit""], ""renderers"": [""render.markdown"", ""render.manim"", ""render.question_card""]}","[""visual_first"", ""simple_words"", ""exam_timed"", ""prerequisite_repair"", ""hindi_glossary"", ""formula_light"", ""minimal_delta""]","{""prerequisite_gap"": ""diagnose.prerequisite_probe then delta.select; automatic route requires converging evidence"", ""representation_gap"": ""attach representation shift without rewriting formal anchor"", ""execution_gap"": ""attach checked micro-drill and recompute verification trace"", ""assessment_mode_gap"": ""attach only the failing MCQ/MSQ/NAT/timed/descriptive module"", ""constraint_gap"": ""attach time-risk compression or deadline triage while preserving mandatory conditions"", ""custom_source"": ""register PDF hash/page/source permissions and run conflict analysis before use"", ""verified_computation"": ""store provider/query/assumptions/output/version/reproducibility metadata""}","[""official_syllabus_scope_and_year"", ""official_question_pattern_and_marking_rules"", ""topic_definitions_theorems_algorithms_and_conditions"", ""prerequisite_dependencies_and_common_misconception_hypotheses"", ""historical_question_pattern_coding_with_evidence_label"", ""worked_examples_and_counterexamples"", ""assessment_mode_variants_mcq_msq_nat_and_descriptive_if_applicable"", ""learner_constraints_time_pressure_deadline_confidence_and_accessibility"", ""source_freshness_provenance_and_conflict_check""]","[""scope_and_definition"", ""prerequisite_and_dependency"", ""representation_and_language"", ""method_selection_and_conceptual_reasoning"", ""execution_and_calculation"", ""edge_cases_and_verification"", ""transfer_and_problem_solving"", ""assessment_mode"", ""time_and_exam_strategy"", ""negative_marking_and_risk"", ""retention_and_retrieval"", ""metacognition_and_feedback"", ""constraints_and_affective_load"", ""resource_and_content_fit""]","[""immediate_accuracy"", ""delayed_retrieval"", ""changed_surface_transfer"", ""time_to_method"", ""error_recurrence"", ""hint_dependence"", ""confidence_calibration"", ""support_burden""]","[""scope_pass"", ""claim_ledger_complete"", ""mathematics_pass"", ""assessment_pass"", ""citation_completeness"", ""accessibility_pass"", ""rollback_target_present""]",research_and_verification_required_before_authoritative_release
CX-02,Complex Variables,Argand plane,"[""EE"", ""ME"", ""XE-A""]","[""MCQ"", ""MSQ"", ""NAT""]","[""CX-01""]","[""CX-05""]",research-required before generation; learner-impact claims require outcome validation,complex,Argand-plane mapping + contour/singularity geometry,"[""teach.hook"", ""teach.intuition"", ""teach.formal_anchor"", ""teach.method_selector"", ""teach.checked_example"", ""teach.counterexample"", ""assess.mcq"", ""assess.msq"", ""assess.nat"", ""verify.symbolic""]","[""verification"", ""counterexample_search"", ""representation_generation"", ""question_variation"", ""learner_exploration""]","[""symbolic simplification"", ""analyticity/condition check"", ""residue/contour recomputation""]","{""scope"": ""scope.resolve + verify.scope"", ""research"": ""research.brief + research.claims + research.sources + research.conflicts"", ""teaching"": [""teach.hook"", ""teach.intuition"", ""teach.formal_anchor"", ""teach.method_selector"", ""teach.checked_example"", ""teach.counterexample"", ""teach.recall"", ""teach.transfer""], ""assessment"": [""assess.mcq"", ""assess.msq"", ""assess.nat"", ""assess.timed"", ""assess.answer_audit""], ""renderers"": [""render.markdown"", ""render.manim"", ""render.question_card""]}","[""visual_first"", ""simple_words"", ""exam_timed"", ""prerequisite_repair"", ""hindi_glossary"", ""formula_light"", ""minimal_delta""]","{""prerequisite_gap"": ""diagnose.prerequisite_probe then delta.select; automatic route requires converging evidence"", ""representation_gap"": ""attach representation shift without rewriting formal anchor"", ""execution_gap"": ""attach checked micro-drill and recompute verification trace"", ""assessment_mode_gap"": ""attach only the failing MCQ/MSQ/NAT/timed/descriptive module"", ""constraint_gap"": ""attach time-risk compression or deadline triage while preserving mandatory conditions"", ""custom_source"": ""register PDF hash/page/source permissions and run conflict analysis before use"", ""verified_computation"": ""store provider/query/assumptions/output/version/reproducibility metadata""}","[""official_syllabus_scope_and_year"", ""official_question_pattern_and_marking_rules"", ""topic_definitions_theorems_algorithms_and_conditions"", ""prerequisite_dependencies_and_common_misconception_hypotheses"", ""historical_question_pattern_coding_with_evidence_label"", ""worked_examples_and_counterexamples"", ""assessment_mode_variants_mcq_msq_nat_and_descriptive_if_applicable"", ""learner_constraints_time_pressure_deadline_confidence_and_accessibility"", ""source_freshness_provenance_and_conflict_check""]","[""scope_and_definition"", ""prerequisite_and_dependency"", ""representation_and_language"", ""method_selection_and_conceptual_reasoning"", ""execution_and_calculation"", ""edge_cases_and_verification"", ""transfer_and_problem_solving"", ""assessment_mode"", ""time_and_exam_strategy"", ""negative_marking_and_risk"", ""retention_and_retrieval"", ""metacognition_and_feedback"", ""constraints_and_affective_load"", ""resource_and_content_fit""]","[""immediate_accuracy"", ""delayed_retrieval"", ""changed_surface_transfer"", ""time_to_method"", ""error_recurrence"", ""hint_dependence"", ""confidence_calibration"", ""support_burden""]","[""scope_pass"", ""claim_ledger_complete"", ""mathematics_pass"", ""assessment_pass"", ""citation_completeness"", ""accessibility_pass"", ""rollback_target_present""]",research_and_verification_required_before_authoritative_release
CX-03,Complex Variables,Polar/exponential representation,"[""EE"", ""ME"", ""XE-A""]","[""MCQ"", ""MSQ"", ""NAT""]","[""CX-01""]","[""CX-04"", ""CX-05""]",research-required before generation; learner-impact claims require outcome validation,complex,Argand-plane mapping + contour/singularity geometry,"[""teach.hook"", ""teach.intuition"", ""teach.formal_anchor"", ""teach.method_selector"", ""teach.checked_example"", ""teach.counterexample"", ""assess.mcq"", ""assess.msq"", ""assess.nat"", ""verify.symbolic""]","[""verification"", ""counterexample_search"", ""representation_generation"", ""question_variation"", ""learner_exploration""]","[""symbolic simplification"", ""analyticity/condition check"", ""residue/contour recomputation""]","{""scope"": ""scope.resolve + verify.scope"", ""research"": ""research.brief + research.claims + research.sources + research.conflicts"", ""teaching"": [""teach.hook"", ""teach.intuition"", ""teach.formal_anchor"", ""teach.method_selector"", ""teach.checked_example"", ""teach.counterexample"", ""teach.recall"", ""teach.transfer""], ""assessment"": [""assess.mcq"", ""assess.msq"", ""assess.nat"", ""assess.timed"", ""assess.answer_audit""], ""renderers"": [""render.markdown"", ""render.manim"", ""render.question_card""]}","[""visual_first"", ""simple_words"", ""exam_timed"", ""prerequisite_repair"", ""hindi_glossary"", ""formula_light"", ""minimal_delta""]","{""prerequisite_gap"": ""diagnose.prerequisite_probe then delta.select; automatic route requires converging evidence"", ""representation_gap"": ""attach representation shift without rewriting formal anchor"", ""execution_gap"": ""attach checked micro-drill and recompute verification trace"", ""assessment_mode_gap"": ""attach only the failing MCQ/MSQ/NAT/timed/descriptive module"", ""constraint_gap"": ""attach time-risk compression or deadline triage while preserving mandatory conditions"", ""custom_source"": ""register PDF hash/page/source permissions and run conflict analysis before use"", ""verified_computation"": ""store provider/query/assumptions/output/version/reproducibility metadata""}","[""official_syllabus_scope_and_year"", ""official_question_pattern_and_marking_rules"", ""topic_definitions_theorems_algorithms_and_conditions"", ""prerequisite_dependencies_and_common_misconception_hypotheses"", ""historical_question_pattern_coding_with_evidence_label"", ""worked_examples_and_counterexamples"", ""assessment_mode_variants_mcq_msq_nat_and_descriptive_if_applicable"", ""learner_constraints_time_pressure_deadline_confidence_and_accessibility"", ""source_freshness_provenance_and_conflict_check""]","[""scope_and_definition"", ""prerequisite_and_dependency"", ""representation_and_language"", ""method_selection_and_conceptual_reasoning"", ""execution_and_calculation"", ""edge_cases_and_verification"", ""transfer_and_problem_solving"", ""assessment_mode"", ""time_and_exam_strategy"", ""negative_marking_and_risk"", ""retention_and_retrieval"", ""metacognition_and_feedback"", ""constraints_and_affective_load"", ""resource_and_content_fit""]","[""immediate_accuracy"", ""delayed_retrieval"", ""changed_surface_transfer"", ""time_to_method"", ""error_recurrence"", ""hint_dependence"", ""confidence_calibration"", ""support_burden""]","[""scope_pass"", ""claim_ledger_complete"", ""mathematics_pass"", ""assessment_pass"", ""citation_completeness"", ""accessibility_pass"", ""rollback_target_present""]",research_and_verification_required_before_authoritative_release
CX-04,Complex Variables,De Moivre’s theorem,"[""XE-A and branch-dependent scope""]","[""MCQ"", ""MSQ"", ""NAT""]","[""CX-03""]",[],research-required before generation; learner-impact claims require outcome validation,complex,Argand-plane mapping + contour/singularity geometry,"[""teach.hook"", ""teach.intuition"", ""teach.formal_anchor"", ""teach.method_selector"", ""teach.checked_example"", ""teach.counterexample"", ""assess.mcq"", ""assess.msq"", ""assess.nat"", ""verify.symbolic""]","[""verification"", ""counterexample_search"", ""representation_generation"", ""question_variation"", ""learner_exploration""]","[""symbolic simplification"", ""analyticity/condition check"", ""residue/contour recomputation""]","{""scope"": ""scope.resolve + verify.scope"", ""research"": ""research.brief + research.claims + research.sources + research.conflicts"", ""teaching"": [""teach.hook"", ""teach.intuition"", ""teach.formal_anchor"", ""teach.method_selector"", ""teach.checked_example"", ""teach.counterexample"", ""teach.recall"", ""teach.transfer""], ""assessment"": [""assess.mcq"", ""assess.msq"", ""assess.nat"", ""assess.timed"", ""assess.answer_audit""], ""renderers"": [""render.markdown"", ""render.manim"", ""render.question_card""]}","[""visual_first"", ""simple_words"", ""exam_timed"", ""prerequisite_repair"", ""hindi_glossary"", ""formula_light"", ""minimal_delta""]","{""prerequisite_gap"": ""diagnose.prerequisite_probe then delta.select; automatic route requires converging evidence"", ""representation_gap"": ""attach representation shift without rewriting formal anchor"", ""execution_gap"": ""attach checked micro-drill and recompute verification trace"", ""assessment_mode_gap"": ""attach only the failing MCQ/MSQ/NAT/timed/descriptive module"", ""constraint_gap"": ""attach time-risk compression or deadline triage while preserving mandatory conditions"", ""custom_source"": ""register PDF hash/page/source permissions and run conflict analysis before use"", ""verified_computation"": ""store provider/query/assumptions/output/version/reproducibility metadata""}","[""official_syllabus_scope_and_year"", ""official_question_pattern_and_marking_rules"", ""topic_definitions_theorems_algorithms_and_conditions"", ""prerequisite_dependencies_and_common_misconception_hypotheses"", ""historical_question_pattern_coding_with_evidence_label"", ""worked_examples_and_counterexamples"", ""assessment_mode_variants_mcq_msq_nat_and_descriptive_if_applicable"", ""learner_constraints_time_pressure_deadline_confidence_and_accessibility"", ""source_freshness_provenance_and_conflict_check""]","[""scope_and_definition"", ""prerequisite_and_dependency"", ""representation_and_language"", ""method_selection_and_conceptual_reasoning"", ""execution_and_calculation"", ""edge_cases_and_verification"", ""transfer_and_problem_solving"", ""assessment_mode"", ""time_and_exam_strategy"", ""negative_marking_and_risk"", ""retention_and_retrieval"", ""metacognition_and_feedback"", ""constraints_and_affective_load"", ""resource_and_content_fit""]","[""immediate_accuracy"", ""delayed_retrieval"", ""changed_surface_transfer"", ""time_to_method"", ""error_recurrence"", ""hint_dependence"", ""confidence_calibration"", ""support_burden""]","[""scope_pass"", ""claim_ledger_complete"", ""mathematics_pass"", ""assessment_pass"", ""citation_completeness"", ""accessibility_pass"", ""rollback_target_present""]",research_and_verification_required_before_authoritative_release
CX-05,Complex Variables,Analytic functions,"[""EE"", ""ME"", ""XE-A""]","[""MCQ"", ""MSQ"", ""NAT""]","[""CX-02"", ""CX-03""]","[""CX-06"", ""CX-07"", ""CX-09""]",research-required before generation; learner-impact claims require outcome validation,complex,Argand-plane mapping + contour/singularity geometry,"[""teach.hook"", ""teach.intuition"", ""teach.formal_anchor"", ""teach.method_selector"", ""teach.checked_example"", ""teach.counterexample"", ""assess.mcq"", ""assess.msq"", ""assess.nat"", ""verify.symbolic""]","[""verification"", ""counterexample_search"", ""representation_generation"", ""question_variation"", ""learner_exploration""]","[""symbolic simplification"", ""analyticity/condition check"", ""residue/contour recomputation""]","{""scope"": ""scope.resolve + verify.scope"", ""research"": ""research.brief + research.claims + research.sources + research.conflicts"", ""teaching"": [""teach.hook"", ""teach.intuition"", ""teach.formal_anchor"", ""teach.method_selector"", ""teach.checked_example"", ""teach.counterexample"", ""teach.recall"", ""teach.transfer""], ""assessment"": [""assess.mcq"", ""assess.msq"", ""assess.nat"", ""assess.timed"", ""assess.answer_audit""], ""renderers"": [""render.markdown"", ""render.manim"", ""render.question_card""]}","[""visual_first"", ""simple_words"", ""exam_timed"", ""prerequisite_repair"", ""hindi_glossary"", ""formula_light"", ""minimal_delta""]","{""prerequisite_gap"": ""diagnose.prerequisite_probe then delta.select; automatic route requires converging evidence"", ""representation_gap"": ""attach representation shift without rewriting formal anchor"", ""execution_gap"": ""attach checked micro-drill and recompute verification trace"", ""assessment_mode_gap"": ""attach only the failing MCQ/MSQ/NAT/timed/descriptive module"", ""constraint_gap"": ""attach time-risk compression or deadline triage while preserving mandatory conditions"", ""custom_source"": ""register PDF hash/page/source permissions and run conflict analysis before use"", ""verified_computation"": ""store provider/query/assumptions/output/version/reproducibility metadata""}","[""official_syllabus_scope_and_year"", ""official_question_pattern_and_marking_rules"", ""topic_definitions_theorems_algorithms_and_conditions"", ""prerequisite_dependencies_and_common_misconception_hypotheses"", ""historical_question_pattern_coding_with_evidence_label"", ""worked_examples_and_counterexamples"", ""assessment_mode_variants_mcq_msq_nat_and_descriptive_if_applicable"", ""learner_constraints_time_pressure_deadline_confidence_and_accessibility"", ""source_freshness_provenance_and_conflict_check""]","[""scope_and_definition"", ""prerequisite_and_dependency"", ""representation_and_language"", ""method_selection_and_conceptual_reasoning"", ""execution_and_calculation"", ""edge_cases_and_verification"", ""transfer_and_problem_solving"", ""assessment_mode"", ""time_and_exam_strategy"", ""negative_marking_and_risk"", ""retention_and_retrieval"", ""metacognition_and_feedback"", ""constraints_and_affective_load"", ""resource_and_content_fit""]","[""immediate_accuracy"", ""delayed_retrieval"", ""changed_surface_transfer"", ""time_to_method"", ""error_recurrence"", ""hint_dependence"", ""confidence_calibration"", ""support_burden""]","[""scope_pass"", ""claim_ledger_complete"", ""mathematics_pass"", ""assessment_pass"", ""citation_completeness"", ""accessibility_pass"", ""rollback_target_present""]",research_and_verification_required_before_authoritative_release
CX-06,Complex Variables,Cauchy–Riemann equations,"[""EE"", ""ME"", ""XE-A""]","[""MCQ"", ""MSQ"", ""NAT""]","[""CX-05""]","[""CX-07""]",research-required before generation; learner-impact claims require outcome validation,complex,Argand-plane mapping + contour/singularity geometry,"[""teach.hook"", ""teach.intuition"", ""teach.formal_anchor"", ""teach.method_selector"", ""teach.checked_example"", ""teach.counterexample"", ""assess.mcq"", ""assess.msq"", ""assess.nat"", ""verify.symbolic""]","[""verification"", ""counterexample_search"", ""representation_generation"", ""question_variation"", ""learner_exploration""]","[""symbolic simplification"", ""analyticity/condition check"", ""residue/contour recomputation""]","{""scope"": ""scope.resolve + verify.scope"", ""research"": ""research.brief + research.claims + research.sources + research.conflicts"", ""teaching"": [""teach.hook"", ""teach.intuition"", ""teach.formal_anchor"", ""teach.method_selector"", ""teach.checked_example"", ""teach.counterexample"", ""teach.recall"", ""teach.transfer""], ""assessment"": [""assess.mcq"", ""assess.msq"", ""assess.nat"", ""assess.timed"", ""assess.answer_audit""], ""renderers"": [""render.markdown"", ""render.manim"", ""render.question_card""]}","[""visual_first"", ""simple_words"", ""exam_timed"", ""prerequisite_repair"", ""hindi_glossary"", ""formula_light"", ""minimal_delta""]","{""prerequisite_gap"": ""diagnose.prerequisite_probe then delta.select; automatic route requires converging evidence"", ""representation_gap"": ""attach representation shift without rewriting formal anchor"", ""execution_gap"": ""attach checked micro-drill and recompute verification trace"", ""assessment_mode_gap"": ""attach only the failing MCQ/MSQ/NAT/timed/descriptive module"", ""constraint_gap"": ""attach time-risk compression or deadline triage while preserving mandatory conditions"", ""custom_source"": ""register PDF hash/page/source permissions and run conflict analysis before use"", ""verified_computation"": ""store provider/query/assumptions/output/version/reproducibility metadata""}","[""official_syllabus_scope_and_year"", ""official_question_pattern_and_marking_rules"", ""topic_definitions_theorems_algorithms_and_conditions"", ""prerequisite_dependencies_and_common_misconception_hypotheses"", ""historical_question_pattern_coding_with_evidence_label"", ""worked_examples_and_counterexamples"", ""assessment_mode_variants_mcq_msq_nat_and_descriptive_if_applicable"", ""learner_constraints_time_pressure_deadline_confidence_and_accessibility"", ""source_freshness_provenance_and_conflict_check""]","[""scope_and_definition"", ""prerequisite_and_dependency"", ""representation_and_language"", ""method_selection_and_conceptual_reasoning"", ""execution_and_calculation"", ""edge_cases_and_verification"", ""transfer_and_problem_solving"", ""assessment_mode"", ""time_and_exam_strategy"", ""negative_marking_and_risk"", ""retention_and_retrieval"", ""metacognition_and_feedback"", ""constraints_and_affective_load"", ""resource_and_content_fit""]","[""immediate_accuracy"", ""delayed_retrieval"", ""changed_surface_transfer"", ""time_to_method"", ""error_recurrence"", ""hint_dependence"", ""confidence_calibration"", ""support_burden""]","[""scope_pass"", ""claim_ledger_complete"", ""mathematics_pass"", ""assessment_pass"", ""citation_completeness"", ""accessibility_pass"", ""rollback_target_present""]",research_and_verification_required_before_authoritative_release
CX-07,Complex Variables,Cauchy’s integral theorem,"[""EE"", ""ME"", ""XE-A""]","[""MCQ"", ""MSQ"", ""NAT""]","[""CX-05"", ""CX-06""]","[""CX-08"", ""CX-10""]",research-required before generation; learner-impact claims require outcome validation,integral,accumulation/area + bounds,"[""teach.hook"", ""teach.intuition"", ""teach.formal_anchor"", ""teach.method_selector"", ""teach.checked_example"", ""teach.counterexample"", ""assess.mcq"", ""assess.nat"", ""verify.symbolic"", ""verify.numeric""]","[""verification"", ""counterexample_search"", ""representation_generation"", ""question_variation"", ""learner_exploration""]","[""antiderivative/differentiation check"", ""bound and sign check"", ""convergence check""]","{""scope"": ""scope.resolve + verify.scope"", ""research"": ""research.brief + research.claims + research.sources + research.conflicts"", ""teaching"": [""teach.hook"", ""teach.intuition"", ""teach.formal_anchor"", ""teach.method_selector"", ""teach.checked_example"", ""teach.counterexample"", ""teach.recall"", ""teach.transfer""], ""assessment"": [""assess.mcq"", ""assess.msq"", ""assess.nat"", ""assess.timed"", ""assess.answer_audit""], ""renderers"": [""render.markdown"", ""render.manim"", ""render.question_card""]}","[""visual_first"", ""simple_words"", ""exam_timed"", ""prerequisite_repair"", ""hindi_glossary"", ""formula_light"", ""minimal_delta""]","{""prerequisite_gap"": ""diagnose.prerequisite_probe then delta.select; automatic route requires converging evidence"", ""representation_gap"": ""attach representation shift without rewriting formal anchor"", ""execution_gap"": ""attach checked micro-drill and recompute verification trace"", ""assessment_mode_gap"": ""attach only the failing MCQ/MSQ/NAT/timed/descriptive module"", ""constraint_gap"": ""attach time-risk compression or deadline triage while preserving mandatory conditions"", ""custom_source"": ""register PDF hash/page/source permissions and run conflict analysis before use"", ""verified_computation"": ""store provider/query/assumptions/output/version/reproducibility metadata""}","[""official_syllabus_scope_and_year"", ""official_question_pattern_and_marking_rules"", ""topic_definitions_theorems_algorithms_and_conditions"", ""prerequisite_dependencies_and_common_misconception_hypotheses"", ""historical_question_pattern_coding_with_evidence_label"", ""worked_examples_and_counterexamples"", ""assessment_mode_variants_mcq_msq_nat_and_descriptive_if_applicable"", ""learner_constraints_time_pressure_deadline_confidence_and_accessibility"", ""source_freshness_provenance_and_conflict_check""]","[""scope_and_definition"", ""prerequisite_and_dependency"", ""representation_and_language"", ""method_selection_and_conceptual_reasoning"", ""execution_and_calculation"", ""edge_cases_and_verification"", ""transfer_and_problem_solving"", ""assessment_mode"", ""time_and_exam_strategy"", ""negative_marking_and_risk"", ""retention_and_retrieval"", ""metacognition_and_feedback"", ""constraints_and_affective_load"", ""resource_and_content_fit""]","[""immediate_accuracy"", ""delayed_retrieval"", ""changed_surface_transfer"", ""time_to_method"", ""error_recurrence"", ""hint_dependence"", ""confidence_calibration"", ""support_burden""]","[""scope_pass"", ""claim_ledger_complete"", ""mathematics_pass"", ""assessment_pass"", ""citation_completeness"", ""accessibility_pass"", ""rollback_target_present""]",research_and_verification_required_before_authoritative_release
CX-08,Complex Variables,Cauchy’s integral formula,"[""EE"", ""ME"", ""XE-A""]","[""MCQ"", ""MSQ"", ""NAT""]","[""CX-07""]","[""CX-10""]",research-required before generation; learner-impact claims require outcome validation,integral,accumulation/area + bounds,"[""teach.hook"", ""teach.intuition"", ""teach.formal_anchor"", ""teach.method_selector"", ""teach.checked_example"", ""teach.counterexample"", ""assess.mcq"", ""assess.nat"", ""verify.symbolic"", ""verify.numeric""]","[""verification"", ""counterexample_search"", ""representation_generation"", ""question_variation"", ""learner_exploration""]","[""antiderivative/differentiation check"", ""bound and sign check"", ""convergence check""]","{""scope"": ""scope.resolve + verify.scope"", ""research"": ""research.brief + research.claims + research.sources + research.conflicts"", ""teaching"": [""teach.hook"", ""teach.intuition"", ""teach.formal_anchor"", ""teach.method_selector"", ""teach.checked_example"", ""teach.counterexample"", ""teach.recall"", ""teach.transfer""], ""assessment"": [""assess.mcq"", ""assess.msq"", ""assess.nat"", ""assess.timed"", ""assess.answer_audit""], ""renderers"": [""render.markdown"", ""render.manim"", ""render.question_card""]}","[""visual_first"", ""simple_words"", ""exam_timed"", ""prerequisite_repair"", ""hindi_glossary"", ""formula_light"", ""minimal_delta""]","{""prerequisite_gap"": ""diagnose.prerequisite_probe then delta.select; automatic route requires converging evidence"", ""representation_gap"": ""attach representation shift without rewriting formal anchor"", ""execution_gap"": ""attach checked micro-drill and recompute verification trace"", ""assessment_mode_gap"": ""attach only the failing MCQ/MSQ/NAT/timed/descriptive module"", ""constraint_gap"": ""attach time-risk compression or deadline triage while preserving mandatory conditions"", ""custom_source"": ""register PDF hash/page/source permissions and run conflict analysis before use"", ""verified_computation"": ""store provider/query/assumptions/output/version/reproducibility metadata""}","[""official_syllabus_scope_and_year"", ""official_question_pattern_and_marking_rules"", ""topic_definitions_theorems_algorithms_and_conditions"", ""prerequisite_dependencies_and_common_misconception_hypotheses"", ""historical_question_pattern_coding_with_evidence_label"", ""worked_examples_and_counterexamples"", ""assessment_mode_variants_mcq_msq_nat_and_descriptive_if_applicable"", ""learner_constraints_time_pressure_deadline_confidence_and_accessibility"", ""source_freshness_provenance_and_conflict_check""]","[""scope_and_definition"", ""prerequisite_and_dependency"", ""representation_and_language"", ""method_selection_and_conceptual_reasoning"", ""execution_and_calculation"", ""edge_cases_and_verification"", ""transfer_and_problem_solving"", ""assessment_mode"", ""time_and_exam_strategy"", ""negative_marking_and_risk"", ""retention_and_retrieval"", ""metacognition_and_feedback"", ""constraints_and_affective_load"", ""resource_and_content_fit""]","[""immediate_accuracy"", ""delayed_retrieval"", ""changed_surface_transfer"", ""time_to_method"", ""error_recurrence"", ""hint_dependence"", ""confidence_calibration"", ""support_burden""]","[""scope_pass"", ""claim_ledger_complete"", ""mathematics_pass"", ""assessment_pass"", ""citation_completeness"", ""accessibility_pass"", ""rollback_target_present""]",research_and_verification_required_before_authoritative_release
CX-09,Complex Variables,Taylor and Laurent series,"[""EE"", ""ME"", ""XE-A""]","[""MCQ"", ""MSQ"", ""NAT""]","[""CX-05""]","[""CX-10""]",research-required before generation; learner-impact claims require outcome validation,derivative,slope/rate graph + local linearization,"[""teach.hook"", ""teach.intuition"", ""teach.formal_anchor"", ""teach.method_selector"", ""teach.checked_example"", ""teach.counterexample"", ""assess.mcq"", ""assess.msq"", ""assess.nat"", ""verify.symbolic""]","[""verification"", ""counterexample_search"", ""representation_generation"", ""question_variation"", ""learner_exploration""]","[""symbolic derivative recomputation"", ""condition checks"", ""graph/slope sanity check""]","{""scope"": ""scope.resolve + verify.scope"", ""research"": ""research.brief + research.claims + research.sources + research.conflicts"", ""teaching"": [""teach.hook"", ""teach.intuition"", ""teach.formal_anchor"", ""teach.method_selector"", ""teach.checked_example"", ""teach.counterexample"", ""teach.recall"", ""teach.transfer""], ""assessment"": [""assess.mcq"", ""assess.msq"", ""assess.nat"", ""assess.timed"", ""assess.answer_audit""], ""renderers"": [""render.markdown"", ""render.manim"", ""render.question_card""]}","[""visual_first"", ""simple_words"", ""exam_timed"", ""prerequisite_repair"", ""hindi_glossary"", ""formula_light"", ""minimal_delta""]","{""prerequisite_gap"": ""diagnose.prerequisite_probe then delta.select; automatic route requires converging evidence"", ""representation_gap"": ""attach representation shift without rewriting formal anchor"", ""execution_gap"": ""attach checked micro-drill and recompute verification trace"", ""assessment_mode_gap"": ""attach only the failing MCQ/MSQ/NAT/timed/descriptive module"", ""constraint_gap"": ""attach time-risk compression or deadline triage while preserving mandatory conditions"", ""custom_source"": ""register PDF hash/page/source permissions and run conflict analysis before use"", ""verified_computation"": ""store provider/query/assumptions/output/version/reproducibility metadata""}","[""official_syllabus_scope_and_year"", ""official_question_pattern_and_marking_rules"", ""topic_definitions_theorems_algorithms_and_conditions"", ""prerequisite_dependencies_and_common_misconception_hypotheses"", ""historical_question_pattern_coding_with_evidence_label"", ""worked_examples_and_counterexamples"", ""assessment_mode_variants_mcq_msq_nat_and_descriptive_if_applicable"", ""learner_constraints_time_pressure_deadline_confidence_and_accessibility"", ""source_freshness_provenance_and_conflict_check""]","[""scope_and_definition"", ""prerequisite_and_dependency"", ""representation_and_language"", ""method_selection_and_conceptual_reasoning"", ""execution_and_calculation"", ""edge_cases_and_verification"", ""transfer_and_problem_solving"", ""assessment_mode"", ""time_and_exam_strategy"", ""negative_marking_and_risk"", ""retention_and_retrieval"", ""metacognition_and_feedback"", ""constraints_and_affective_load"", ""resource_and_content_fit""]","[""immediate_accuracy"", ""delayed_retrieval"", ""changed_surface_transfer"", ""time_to_method"", ""error_recurrence"", ""hint_dependence"", ""confidence_calibration"", ""support_burden""]","[""scope_pass"", ""claim_ledger_complete"", ""mathematics_pass"", ""assessment_pass"", ""citation_completeness"", ""accessibility_pass"", ""rollback_target_present""]",research_and_verification_required_before_authoritative_release
CX-10,Complex Variables,Residue theorem and contour integrals,"[""EE"", ""ME"", ""XE-A""]","[""MCQ"", ""MSQ"", ""NAT""]","[""CX-07"", ""CX-08"", ""CX-09""]",[],research-required before generation; learner-impact claims require outcome validation,integral,accumulation/area + bounds,"[""teach.hook"", ""teach.intuition"", ""teach.formal_anchor"", ""teach.method_selector"", ""teach.checked_example"", ""teach.counterexample"", ""assess.mcq"", ""assess.nat"", ""verify.symbolic"", ""verify.numeric""]","[""verification"", ""counterexample_search"", ""representation_generation"", ""question_variation"", ""learner_exploration""]","[""antiderivative/differentiation check"", ""bound and sign check"", ""convergence check""]","{""scope"": ""scope.resolve + verify.scope"", ""research"": ""research.brief + research.claims + research.sources + research.conflicts"", ""teaching"": [""teach.hook"", ""teach.intuition"", ""teach.formal_anchor"", ""teach.method_selector"", ""teach.checked_example"", ""teach.counterexample"", ""teach.recall"", ""teach.transfer""], ""assessment"": [""assess.mcq"", ""assess.msq"", ""assess.nat"", ""assess.timed"", ""assess.answer_audit""], ""renderers"": [""render.markdown"", ""render.manim"", ""render.question_card""]}","[""visual_first"", ""simple_words"", ""exam_timed"", ""prerequisite_repair"", ""hindi_glossary"", ""formula_light"", ""minimal_delta""]","{""prerequisite_gap"": ""diagnose.prerequisite_probe then delta.select; automatic route requires converging evidence"", ""representation_gap"": ""attach representation shift without rewriting formal anchor"", ""execution_gap"": ""attach checked micro-drill and recompute verification trace"", ""assessment_mode_gap"": ""attach only the failing MCQ/MSQ/NAT/timed/descriptive module"", ""constraint_gap"": ""attach time-risk compression or deadline triage while preserving mandatory conditions"", ""custom_source"": ""register PDF hash/page/source permissions and run conflict analysis before use"", ""verified_computation"": ""store provider/query/assumptions/output/version/reproducibility metadata""}","[""official_syllabus_scope_and_year"", ""official_question_pattern_and_marking_rules"", ""topic_definitions_theorems_algorithms_and_conditions"", ""prerequisite_dependencies_and_common_misconception_hypotheses"", ""historical_question_pattern_coding_with_evidence_label"", ""worked_examples_and_counterexamples"", ""assessment_mode_variants_mcq_msq_nat_and_descriptive_if_applicable"", ""learner_constraints_time_pressure_deadline_confidence_and_accessibility"", ""source_freshness_provenance_and_conflict_check""]","[""scope_and_definition"", ""prerequisite_and_dependency"", ""representation_and_language"", ""method_selection_and_conceptual_reasoning"", ""execution_and_calculation"", ""edge_cases_and_verification"", ""transfer_and_problem_solving"", ""assessment_mode"", ""time_and_exam_strategy"", ""negative_marking_and_risk"", ""retention_and_retrieval"", ""metacognition_and_feedback"", ""constraints_and_affective_load"", ""resource_and_content_fit""]","[""immediate_accuracy"", ""delayed_retrieval"", ""changed_surface_transfer"", ""time_to_method"", ""error_recurrence"", ""hint_dependence"", ""confidence_calibration"", ""support_burden""]","[""scope_pass"", ""claim_ledger_complete"", ""mathematics_pass"", ""assessment_pass"", ""citation_completeness"", ""accessibility_pass"", ""rollback_target_present""]",research_and_verification_required_before_authoritative_release
PS-01,Probability and Statistics,Probability axioms,"[""CS"", ""CE"", ""EE"", ""ME"", ""XE-A""]","[""MCQ"", ""MSQ"", ""NAT""]","[""DM-03""]","[""PS-02"", ""PS-03"", ""PS-05""]",research-required before generation; learner-impact claims require outcome validation,probability,sample-space tree/table + distribution shape,"[""teach.hook"", ""teach.intuition"", ""teach.formal_anchor"", ""teach.method_selector"", ""teach.checked_example"", ""teach.counterexample"", ""assess.mcq"", ""assess.msq"", ""assess.nat"", ""verify.numeric""]","[""verification"", ""counterexample_search"", ""representation_generation"", ""question_variation"", ""learner_exploration""]","[""probability normalization"", ""conditional/independence check"", ""enumeration or simulation cross-check""]","{""scope"": ""scope.resolve + verify.scope"", ""research"": ""research.brief + research.claims + research.sources + research.conflicts"", ""teaching"": [""teach.hook"", ""teach.intuition"", ""teach.formal_anchor"", ""teach.method_selector"", ""teach.checked_example"", ""teach.counterexample"", ""teach.recall"", ""teach.transfer""], ""assessment"": [""assess.mcq"", ""assess.msq"", ""assess.nat"", ""assess.timed"", ""assess.answer_audit""], ""renderers"": [""render.markdown"", ""render.manim"", ""render.question_card""]}","[""visual_first"", ""simple_words"", ""exam_timed"", ""prerequisite_repair"", ""hindi_glossary"", ""formula_light"", ""minimal_delta""]","{""prerequisite_gap"": ""diagnose.prerequisite_probe then delta.select; automatic route requires converging evidence"", ""representation_gap"": ""attach representation shift without rewriting formal anchor"", ""execution_gap"": ""attach checked micro-drill and recompute verification trace"", ""assessment_mode_gap"": ""attach only the failing MCQ/MSQ/NAT/timed/descriptive module"", ""constraint_gap"": ""attach time-risk compression or deadline triage while preserving mandatory conditions"", ""custom_source"": ""register PDF hash/page/source permissions and run conflict analysis before use"", ""verified_computation"": ""store provider/query/assumptions/output/version/reproducibility metadata""}","[""official_syllabus_scope_and_year"", ""official_question_pattern_and_marking_rules"", ""topic_definitions_theorems_algorithms_and_conditions"", ""prerequisite_dependencies_and_common_misconception_hypotheses"", ""historical_question_pattern_coding_with_evidence_label"", ""worked_examples_and_counterexamples"", ""assessment_mode_variants_mcq_msq_nat_and_descriptive_if_applicable"", ""learner_constraints_time_pressure_deadline_confidence_and_accessibility"", ""source_freshness_provenance_and_conflict_check""]","[""scope_and_definition"", ""prerequisite_and_dependency"", ""representation_and_language"", ""method_selection_and_conceptual_reasoning"", ""execution_and_calculation"", ""edge_cases_and_verification"", ""transfer_and_problem_solving"", ""assessment_mode"", ""time_and_exam_strategy"", ""negative_marking_and_risk"", ""retention_and_retrieval"", ""metacognition_and_feedback"", ""constraints_and_affective_load"", ""resource_and_content_fit""]","[""immediate_accuracy"", ""delayed_retrieval"", ""changed_surface_transfer"", ""time_to_method"", ""error_recurrence"", ""hint_dependence"", ""confidence_calibration"", ""support_burden""]","[""scope_pass"", ""claim_ledger_complete"", ""mathematics_pass"", ""assessment_pass"", ""citation_completeness"", ""accessibility_pass"", ""rollback_target_present""]",research_and_verification_required_before_authoritative_release
PS-02,Probability and Statistics,Counting and event construction,"[""CS and prerequisite for all papers""]","[""MCQ"", ""MSQ"", ""NAT""]","[""DM-13"", ""PS-01""]","[""PS-03""]",research-required before generation; learner-impact claims require outcome validation,probability,sample-space tree/table + distribution shape,"[""teach.hook"", ""teach.intuition"", ""teach.formal_anchor"", ""teach.method_selector"", ""teach.checked_example"", ""teach.counterexample"", ""assess.mcq"", ""assess.msq"", ""assess.nat"", ""verify.numeric""]","[""verification"", ""counterexample_search"", ""representation_generation"", ""question_variation"", ""learner_exploration""]","[""probability normalization"", ""conditional/independence check"", ""enumeration or simulation cross-check""]","{""scope"": ""scope.resolve + verify.scope"", ""research"": ""research.brief + research.claims + research.sources + research.conflicts"", ""teaching"": [""teach.hook"", ""teach.intuition"", ""teach.formal_anchor"", ""teach.method_selector"", ""teach.checked_example"", ""teach.counterexample"", ""teach.recall"", ""teach.transfer""], ""assessment"": [""assess.mcq"", ""assess.msq"", ""assess.nat"", ""assess.timed"", ""assess.answer_audit""], ""renderers"": [""render.markdown"", ""render.manim"", ""render.question_card""]}","[""visual_first"", ""simple_words"", ""exam_timed"", ""prerequisite_repair"", ""hindi_glossary"", ""formula_light"", ""minimal_delta""]","{""prerequisite_gap"": ""diagnose.prerequisite_probe then delta.select; automatic route requires converging evidence"", ""representation_gap"": ""attach representation shift without rewriting formal anchor"", ""execution_gap"": ""attach checked micro-drill and recompute verification trace"", ""assessment_mode_gap"": ""attach only the failing MCQ/MSQ/NAT/timed/descriptive module"", ""constraint_gap"": ""attach time-risk compression or deadline triage while preserving mandatory conditions"", ""custom_source"": ""register PDF hash/page/source permissions and run conflict analysis before use"", ""verified_computation"": ""store provider/query/assumptions/output/version/reproducibility metadata""}","[""official_syllabus_scope_and_year"", ""official_question_pattern_and_marking_rules"", ""topic_definitions_theorems_algorithms_and_conditions"", ""prerequisite_dependencies_and_common_misconception_hypotheses"", ""historical_question_pattern_coding_with_evidence_label"", ""worked_examples_and_counterexamples"", ""assessment_mode_variants_mcq_msq_nat_and_descriptive_if_applicable"", ""learner_constraints_time_pressure_deadline_confidence_and_accessibility"", ""source_freshness_provenance_and_conflict_check""]","[""scope_and_definition"", ""prerequisite_and_dependency"", ""representation_and_language"", ""method_selection_and_conceptual_reasoning"", ""execution_and_calculation"", ""edge_cases_and_verification"", ""transfer_and_problem_solving"", ""assessment_mode"", ""time_and_exam_strategy"", ""negative_marking_and_risk"", ""retention_and_retrieval"", ""metacognition_and_feedback"", ""constraints_and_affective_load"", ""resource_and_content_fit""]","[""immediate_accuracy"", ""delayed_retrieval"", ""changed_surface_transfer"", ""time_to_method"", ""error_recurrence"", ""hint_dependence"", ""confidence_calibration"", ""support_burden""]","[""scope_pass"", ""claim_ledger_complete"", ""mathematics_pass"", ""assessment_pass"", ""citation_completeness"", ""accessibility_pass"", ""rollback_target_present""]",research_and_verification_required_before_authoritative_release
PS-03,Probability and Statistics,Conditional probability,"[""CS"", ""CE"", ""EE"", ""ME"", ""XE-A""]","[""MCQ"", ""MSQ"", ""NAT""]","[""PS-01"", ""PS-02""]","[""PS-04""]",research-required before generation; learner-impact claims require outcome validation,probability,sample-space tree/table + distribution shape,"[""teach.hook"", ""teach.intuition"", ""teach.formal_anchor"", ""teach.method_selector"", ""teach.checked_example"", ""teach.counterexample"", ""assess.mcq"", ""assess.msq"", ""assess.nat"", ""verify.numeric""]","[""verification"", ""counterexample_search"", ""representation_generation"", ""question_variation"", ""learner_exploration""]","[""probability normalization"", ""conditional/independence check"", ""enumeration or simulation cross-check""]","{""scope"": ""scope.resolve + verify.scope"", ""research"": ""research.brief + research.claims + research.sources + research.conflicts"", ""teaching"": [""teach.hook"", ""teach.intuition"", ""teach.formal_anchor"", ""teach.method_selector"", ""teach.checked_example"", ""teach.counterexample"", ""teach.recall"", ""teach.transfer""], ""assessment"": [""assess.mcq"", ""assess.msq"", ""assess.nat"", ""assess.timed"", ""assess.answer_audit""], ""renderers"": [""render.markdown"", ""render.manim"", ""render.question_card""]}","[""visual_first"", ""simple_words"", ""exam_timed"", ""prerequisite_repair"", ""hindi_glossary"", ""formula_light"", ""minimal_delta""]","{""prerequisite_gap"": ""diagnose.prerequisite_probe then delta.select; automatic route requires converging evidence"", ""representation_gap"": ""attach representation shift without rewriting formal anchor"", ""execution_gap"": ""attach checked micro-drill and recompute verification trace"", ""assessment_mode_gap"": ""attach only the failing MCQ/MSQ/NAT/timed/descriptive module"", ""constraint_gap"": ""attach time-risk compression or deadline triage while preserving mandatory conditions"", ""custom_source"": ""register PDF hash/page/source permissions and run conflict analysis before use"", ""verified_computation"": ""store provider/query/assumptions/output/version/reproducibility metadata""}","[""official_syllabus_scope_and_year"", ""official_question_pattern_and_marking_rules"", ""topic_definitions_theorems_algorithms_and_conditions"", ""prerequisite_dependencies_and_common_misconception_hypotheses"", ""historical_question_pattern_coding_with_evidence_label"", ""worked_examples_and_counterexamples"", ""assessment_mode_variants_mcq_msq_nat_and_descriptive_if_applicable"", ""learner_constraints_time_pressure_deadline_confidence_and_accessibility"", ""source_freshness_provenance_and_conflict_check""]","[""scope_and_definition"", ""prerequisite_and_dependency"", ""representation_and_language"", ""method_selection_and_conceptual_reasoning"", ""execution_and_calculation"", ""edge_cases_and_verification"", ""transfer_and_problem_solving"", ""assessment_mode"", ""time_and_exam_strategy"", ""negative_marking_and_risk"", ""retention_and_retrieval"", ""metacognition_and_feedback"", ""constraints_and_affective_load"", ""resource_and_content_fit""]","[""immediate_accuracy"", ""delayed_retrieval"", ""changed_surface_transfer"", ""time_to_method"", ""error_recurrence"", ""hint_dependence"", ""confidence_calibration"", ""support_burden""]","[""scope_pass"", ""claim_ledger_complete"", ""mathematics_pass"", ""assessment_pass"", ""citation_completeness"", ""accessibility_pass"", ""rollback_target_present""]",research_and_verification_required_before_authoritative_release
PS-04,Probability and Statistics,Bayes’ theorem,"[""CS"", ""CE"", ""EE"", ""ME"", ""XE-A""]","[""MCQ"", ""MSQ"", ""NAT""]","[""PS-03""]",[],research-required before generation; learner-impact claims require outcome validation,probability,sample-space tree/table + distribution shape,"[""teach.hook"", ""teach.intuition"", ""teach.formal_anchor"", ""teach.method_selector"", ""teach.checked_example"", ""teach.counterexample"", ""assess.mcq"", ""assess.msq"", ""assess.nat"", ""verify.numeric""]","[""verification"", ""counterexample_search"", ""representation_generation"", ""question_variation"", ""learner_exploration""]","[""probability normalization"", ""conditional/independence check"", ""enumeration or simulation cross-check""]","{""scope"": ""scope.resolve + verify.scope"", ""research"": ""research.brief + research.claims + research.sources + research.conflicts"", ""teaching"": [""teach.hook"", ""teach.intuition"", ""teach.formal_anchor"", ""teach.method_selector"", ""teach.checked_example"", ""teach.counterexample"", ""teach.recall"", ""teach.transfer""], ""assessment"": [""assess.mcq"", ""assess.msq"", ""assess.nat"", ""assess.timed"", ""assess.answer_audit""], ""renderers"": [""render.markdown"", ""render.manim"", ""render.question_card""]}","[""visual_first"", ""simple_words"", ""exam_timed"", ""prerequisite_repair"", ""hindi_glossary"", ""formula_light"", ""minimal_delta""]","{""prerequisite_gap"": ""diagnose.prerequisite_probe then delta.select; automatic route requires converging evidence"", ""representation_gap"": ""attach representation shift without rewriting formal anchor"", ""execution_gap"": ""attach checked micro-drill and recompute verification trace"", ""assessment_mode_gap"": ""attach only the failing MCQ/MSQ/NAT/timed/descriptive module"", ""constraint_gap"": ""attach time-risk compression or deadline triage while preserving mandatory conditions"", ""custom_source"": ""register PDF hash/page/source permissions and run conflict analysis before use"", ""verified_computation"": ""store provider/query/assumptions/output/version/reproducibility metadata""}","[""official_syllabus_scope_and_year"", ""official_question_pattern_and_marking_rules"", ""topic_definitions_theorems_algorithms_and_conditions"", ""prerequisite_dependencies_and_common_misconception_hypotheses"", ""historical_question_pattern_coding_with_evidence_label"", ""worked_examples_and_counterexamples"", ""assessment_mode_variants_mcq_msq_nat_and_descriptive_if_applicable"", ""learner_constraints_time_pressure_deadline_confidence_and_accessibility"", ""source_freshness_provenance_and_conflict_check""]","[""scope_and_definition"", ""prerequisite_and_dependency"", ""representation_and_language"", ""method_selection_and_conceptual_reasoning"", ""execution_and_calculation"", ""edge_cases_and_verification"", ""transfer_and_problem_solving"", ""assessment_mode"", ""time_and_exam_strategy"", ""negative_marking_and_risk"", ""retention_and_retrieval"", ""metacognition_and_feedback"", ""constraints_and_affective_load"", ""resource_and_content_fit""]","[""immediate_accuracy"", ""delayed_retrieval"", ""changed_surface_transfer"", ""time_to_method"", ""error_recurrence"", ""hint_dependence"", ""confidence_calibration"", ""support_burden""]","[""scope_pass"", ""claim_ledger_complete"", ""mathematics_pass"", ""assessment_pass"", ""citation_completeness"", ""accessibility_pass"", ""rollback_target_present""]",research_and_verification_required_before_authoritative_release
PS-05,Probability and Statistics,Random variables,"[""CS"", ""CE"", ""EE"", ""ME"", ""XE-A""]","[""MCQ"", ""MSQ"", ""NAT""]","[""PS-01""]","[""PS-06"", ""PS-07"", ""PS-08"", ""PS-09"", ""PS-10"", ""PS-11""]",research-required before generation; learner-impact claims require outcome validation,probability,sample-space tree/table + distribution shape,"[""teach.hook"", ""teach.intuition"", ""teach.formal_anchor"", ""teach.method_selector"", ""teach.checked_example"", ""teach.counterexample"", ""assess.mcq"", ""assess.msq"", ""assess.nat"", ""verify.numeric""]","[""verification"", ""counterexample_search"", ""representation_generation"", ""question_variation"", ""learner_exploration""]","[""probability normalization"", ""conditional/independence check"", ""enumeration or simulation cross-check""]","{""scope"": ""scope.resolve + verify.scope"", ""research"": ""research.brief + research.claims + research.sources + research.conflicts"", ""teaching"": [""teach.hook"", ""teach.intuition"", ""teach.formal_anchor"", ""teach.method_selector"", ""teach.checked_example"", ""teach.counterexample"", ""teach.recall"", ""teach.transfer""], ""assessment"": [""assess.mcq"", ""assess.msq"", ""assess.nat"", ""assess.timed"", ""assess.answer_audit""], ""renderers"": [""render.markdown"", ""render.manim"", ""render.question_card""]}","[""visual_first"", ""simple_words"", ""exam_timed"", ""prerequisite_repair"", ""hindi_glossary"", ""formula_light"", ""minimal_delta""]","{""prerequisite_gap"": ""diagnose.prerequisite_probe then delta.select; automatic route requires converging evidence"", ""representation_gap"": ""attach representation shift without rewriting formal anchor"", ""execution_gap"": ""attach checked micro-drill and recompute verification trace"", ""assessment_mode_gap"": ""attach only the failing MCQ/MSQ/NAT/timed/descriptive module"", ""constraint_gap"": ""attach time-risk compression or deadline triage while preserving mandatory conditions"", ""custom_source"": ""register PDF hash/page/source permissions and run conflict analysis before use"", ""verified_computation"": ""store provider/query/assumptions/output/version/reproducibility metadata""}","[""official_syllabus_scope_and_year"", ""official_question_pattern_and_marking_rules"", ""topic_definitions_theorems_algorithms_and_conditions"", ""prerequisite_dependencies_and_common_misconception_hypotheses"", ""historical_question_pattern_coding_with_evidence_label"", ""worked_examples_and_counterexamples"", ""assessment_mode_variants_mcq_msq_nat_and_descriptive_if_applicable"", ""learner_constraints_time_pressure_deadline_confidence_and_accessibility"", ""source_freshness_provenance_and_conflict_check""]","[""scope_and_definition"", ""prerequisite_and_dependency"", ""representation_and_language"", ""method_selection_and_conceptual_reasoning"", ""execution_and_calculation"", ""edge_cases_and_verification"", ""transfer_and_problem_solving"", ""assessment_mode"", ""time_and_exam_strategy"", ""negative_marking_and_risk"", ""retention_and_retrieval"", ""metacognition_and_feedback"", ""constraints_and_affective_load"", ""resource_and_content_fit""]","[""immediate_accuracy"", ""delayed_retrieval"", ""changed_surface_transfer"", ""time_to_method"", ""error_recurrence"", ""hint_dependence"", ""confidence_calibration"", ""support_burden""]","[""scope_pass"", ""claim_ledger_complete"", ""mathematics_pass"", ""assessment_pass"", ""citation_completeness"", ""accessibility_pass"", ""rollback_target_present""]",research_and_verification_required_before_authoritative_release
PS-06,Probability and Statistics,Mean/expectation,"[""CS"", ""CE"", ""EE"", ""ME"", ""XE-A""]","[""MCQ"", ""MSQ"", ""NAT""]","[""PS-05""]","[""PS-07"", ""PS-12"", ""PS-13"", ""PS-14""]",research-required before generation; learner-impact claims require outcome validation,probability,sample-space tree/table + distribution shape,"[""teach.hook"", ""teach.intuition"", ""teach.formal_anchor"", ""teach.method_selector"", ""teach.checked_example"", ""teach.counterexample"", ""assess.mcq"", ""assess.msq"", ""assess.nat"", ""verify.numeric""]","[""verification"", ""counterexample_search"", ""representation_generation"", ""question_variation"", ""learner_exploration""]","[""probability normalization"", ""conditional/independence check"", ""enumeration or simulation cross-check""]","{""scope"": ""scope.resolve + verify.scope"", ""research"": ""research.brief + research.claims + research.sources + research.conflicts"", ""teaching"": [""teach.hook"", ""teach.intuition"", ""teach.formal_anchor"", ""teach.method_selector"", ""teach.checked_example"", ""teach.counterexample"", ""teach.recall"", ""teach.transfer""], ""assessment"": [""assess.mcq"", ""assess.msq"", ""assess.nat"", ""assess.timed"", ""assess.answer_audit""], ""renderers"": [""render.markdown"", ""render.manim"", ""render.question_card""]}","[""visual_first"", ""simple_words"", ""exam_timed"", ""prerequisite_repair"", ""hindi_glossary"", ""formula_light"", ""minimal_delta""]","{""prerequisite_gap"": ""diagnose.prerequisite_probe then delta.select; automatic route requires converging evidence"", ""representation_gap"": ""attach representation shift without rewriting formal anchor"", ""execution_gap"": ""attach checked micro-drill and recompute verification trace"", ""assessment_mode_gap"": ""attach only the failing MCQ/MSQ/NAT/timed/descriptive module"", ""constraint_gap"": ""attach time-risk compression or deadline triage while preserving mandatory conditions"", ""custom_source"": ""register PDF hash/page/source permissions and run conflict analysis before use"", ""verified_computation"": ""store provider/query/assumptions/output/version/reproducibility metadata""}","[""official_syllabus_scope_and_year"", ""official_question_pattern_and_marking_rules"", ""topic_definitions_theorems_algorithms_and_conditions"", ""prerequisite_dependencies_and_common_misconception_hypotheses"", ""historical_question_pattern_coding_with_evidence_label"", ""worked_examples_and_counterexamples"", ""assessment_mode_variants_mcq_msq_nat_and_descriptive_if_applicable"", ""learner_constraints_time_pressure_deadline_confidence_and_accessibility"", ""source_freshness_provenance_and_conflict_check""]","[""scope_and_definition"", ""prerequisite_and_dependency"", ""representation_and_language"", ""method_selection_and_conceptual_reasoning"", ""execution_and_calculation"", ""edge_cases_and_verification"", ""transfer_and_problem_solving"", ""assessment_mode"", ""time_and_exam_strategy"", ""negative_marking_and_risk"", ""retention_and_retrieval"", ""metacognition_and_feedback"", ""constraints_and_affective_load"", ""resource_and_content_fit""]","[""immediate_accuracy"", ""delayed_retrieval"", ""changed_surface_transfer"", ""time_to_method"", ""error_recurrence"", ""hint_dependence"", ""confidence_calibration"", ""support_burden""]","[""scope_pass"", ""claim_ledger_complete"", ""mathematics_pass"", ""assessment_pass"", ""citation_completeness"", ""accessibility_pass"", ""rollback_target_present""]",research_and_verification_required_before_authoritative_release
PS-07,Probability and Statistics,Variance and standard deviation,"[""CS"", ""CE"", ""EE"", ""ME"", ""XE-A""]","[""MCQ"", ""MSQ"", ""NAT""]","[""PS-05"", ""PS-06""]","[""PS-12"", ""PS-13"", ""PS-14""]",research-required before generation; learner-impact claims require outcome validation,probability,sample-space tree/table + distribution shape,"[""teach.hook"", ""teach.intuition"", ""teach.formal_anchor"", ""teach.method_selector"", ""teach.checked_example"", ""teach.counterexample"", ""assess.mcq"", ""assess.msq"", ""assess.nat"", ""verify.numeric""]","[""verification"", ""counterexample_search"", ""representation_generation"", ""question_variation"", ""learner_exploration""]","[""probability normalization"", ""conditional/independence check"", ""enumeration or simulation cross-check""]","{""scope"": ""scope.resolve + verify.scope"", ""research"": ""research.brief + research.claims + research.sources + research.conflicts"", ""teaching"": [""teach.hook"", ""teach.intuition"", ""teach.formal_anchor"", ""teach.method_selector"", ""teach.checked_example"", ""teach.counterexample"", ""teach.recall"", ""teach.transfer""], ""assessment"": [""assess.mcq"", ""assess.msq"", ""assess.nat"", ""assess.timed"", ""assess.answer_audit""], ""renderers"": [""render.markdown"", ""render.manim"", ""render.question_card""]}","[""visual_first"", ""simple_words"", ""exam_timed"", ""prerequisite_repair"", ""hindi_glossary"", ""formula_light"", ""minimal_delta""]","{""prerequisite_gap"": ""diagnose.prerequisite_probe then delta.select; automatic route requires converging evidence"", ""representation_gap"": ""attach representation shift without rewriting formal anchor"", ""execution_gap"": ""attach checked micro-drill and recompute verification trace"", ""assessment_mode_gap"": ""attach only the failing MCQ/MSQ/NAT/timed/descriptive module"", ""constraint_gap"": ""attach time-risk compression or deadline triage while preserving mandatory conditions"", ""custom_source"": ""register PDF hash/page/source permissions and run conflict analysis before use"", ""verified_computation"": ""store provider/query/assumptions/output/version/reproducibility metadata""}","[""official_syllabus_scope_and_year"", ""official_question_pattern_and_marking_rules"", ""topic_definitions_theorems_algorithms_and_conditions"", ""prerequisite_dependencies_and_common_misconception_hypotheses"", ""historical_question_pattern_coding_with_evidence_label"", ""worked_examples_and_counterexamples"", ""assessment_mode_variants_mcq_msq_nat_and_descriptive_if_applicable"", ""learner_constraints_time_pressure_deadline_confidence_and_accessibility"", ""source_freshness_provenance_and_conflict_check""]","[""scope_and_definition"", ""prerequisite_and_dependency"", ""representation_and_language"", ""method_selection_and_conceptual_reasoning"", ""execution_and_calculation"", ""edge_cases_and_verification"", ""transfer_and_problem_solving"", ""assessment_mode"", ""time_and_exam_strategy"", ""negative_marking_and_risk"", ""retention_and_retrieval"", ""metacognition_and_feedback"", ""constraints_and_affective_load"", ""resource_and_content_fit""]","[""immediate_accuracy"", ""delayed_retrieval"", ""changed_surface_transfer"", ""time_to_method"", ""error_recurrence"", ""hint_dependence"", ""confidence_calibration"", ""support_burden""]","[""scope_pass"", ""claim_ledger_complete"", ""mathematics_pass"", ""assessment_pass"", ""citation_completeness"", ""accessibility_pass"", ""rollback_target_present""]",research_and_verification_required_before_authoritative_release
PS-08,Probability and Statistics,Median and mode,"[""CS"", ""CE"", ""ME"", ""XE-A""]","[""MCQ"", ""MSQ"", ""NAT""]","[""PS-05""]",[],research-required before generation; learner-impact claims require outcome validation,ode,equation classifier + direction field + solution residual,"[""teach.hook"", ""teach.intuition"", ""teach.formal_anchor"", ""teach.method_selector"", ""teach.checked_example"", ""teach.counterexample"", ""assess.mcq"", ""assess.msq"", ""assess.nat"", ""verify.symbolic"", ""verify.numeric""]","[""verification"", ""counterexample_search"", ""representation_generation"", ""question_variation"", ""learner_exploration""]","[""residual substitution"", ""initial/boundary condition check"", ""equation-classification check""]","{""scope"": ""scope.resolve + verify.scope"", ""research"": ""research.brief + research.claims + research.sources + research.conflicts"", ""teaching"": [""teach.hook"", ""teach.intuition"", ""teach.formal_anchor"", ""teach.method_selector"", ""teach.checked_example"", ""teach.counterexample"", ""teach.recall"", ""teach.transfer""], ""assessment"": [""assess.mcq"", ""assess.msq"", ""assess.nat"", ""assess.timed"", ""assess.answer_audit""], ""renderers"": [""render.markdown"", ""render.manim"", ""render.question_card""]}","[""visual_first"", ""simple_words"", ""exam_timed"", ""prerequisite_repair"", ""hindi_glossary"", ""formula_light"", ""minimal_delta""]","{""prerequisite_gap"": ""diagnose.prerequisite_probe then delta.select; automatic route requires converging evidence"", ""representation_gap"": ""attach representation shift without rewriting formal anchor"", ""execution_gap"": ""attach checked micro-drill and recompute verification trace"", ""assessment_mode_gap"": ""attach only the failing MCQ/MSQ/NAT/timed/descriptive module"", ""constraint_gap"": ""attach time-risk compression or deadline triage while preserving mandatory conditions"", ""custom_source"": ""register PDF hash/page/source permissions and run conflict analysis before use"", ""verified_computation"": ""store provider/query/assumptions/output/version/reproducibility metadata""}","[""official_syllabus_scope_and_year"", ""official_question_pattern_and_marking_rules"", ""topic_definitions_theorems_algorithms_and_conditions"", ""prerequisite_dependencies_and_common_misconception_hypotheses"", ""historical_question_pattern_coding_with_evidence_label"", ""worked_examples_and_counterexamples"", ""assessment_mode_variants_mcq_msq_nat_and_descriptive_if_applicable"", ""learner_constraints_time_pressure_deadline_confidence_and_accessibility"", ""source_freshness_provenance_and_conflict_check""]","[""scope_and_definition"", ""prerequisite_and_dependency"", ""representation_and_language"", ""method_selection_and_conceptual_reasoning"", ""execution_and_calculation"", ""edge_cases_and_verification"", ""transfer_and_problem_solving"", ""assessment_mode"", ""time_and_exam_strategy"", ""negative_marking_and_risk"", ""retention_and_retrieval"", ""metacognition_and_feedback"", ""constraints_and_affective_load"", ""resource_and_content_fit""]","[""immediate_accuracy"", ""delayed_retrieval"", ""changed_surface_transfer"", ""time_to_method"", ""error_recurrence"", ""hint_dependence"", ""confidence_calibration"", ""support_burden""]","[""scope_pass"", ""claim_ledger_complete"", ""mathematics_pass"", ""assessment_pass"", ""citation_completeness"", ""accessibility_pass"", ""rollback_target_present""]",research_and_verification_required_before_authoritative_release
PS-09,Probability and Statistics,Binomial distribution,"[""CS"", ""CE"", ""EE"", ""ME"", ""XE-A""]","[""MCQ"", ""MSQ"", ""NAT""]","[""PS-05""]","[""PS-12""]",research-required before generation; learner-impact claims require outcome validation,probability,sample-space tree/table + distribution shape,"[""teach.hook"", ""teach.intuition"", ""teach.formal_anchor"", ""teach.method_selector"", ""teach.checked_example"", ""teach.counterexample"", ""assess.mcq"", ""assess.msq"", ""assess.nat"", ""verify.numeric""]","[""verification"", ""counterexample_search"", ""representation_generation"", ""question_variation"", ""learner_exploration""]","[""probability normalization"", ""conditional/independence check"", ""enumeration or simulation cross-check""]","{""scope"": ""scope.resolve + verify.scope"", ""research"": ""research.brief + research.claims + research.sources + research.conflicts"", ""teaching"": [""teach.hook"", ""teach.intuition"", ""teach.formal_anchor"", ""teach.method_selector"", ""teach.checked_example"", ""teach.counterexample"", ""teach.recall"", ""teach.transfer""], ""assessment"": [""assess.mcq"", ""assess.msq"", ""assess.nat"", ""assess.timed"", ""assess.answer_audit""], ""renderers"": [""render.markdown"", ""render.manim"", ""render.question_card""]}","[""visual_first"", ""simple_words"", ""exam_timed"", ""prerequisite_repair"", ""hindi_glossary"", ""formula_light"", ""minimal_delta""]","{""prerequisite_gap"": ""diagnose.prerequisite_probe then delta.select; automatic route requires converging evidence"", ""representation_gap"": ""attach representation shift without rewriting formal anchor"", ""execution_gap"": ""attach checked micro-drill and recompute verification trace"", ""assessment_mode_gap"": ""attach only the failing MCQ/MSQ/NAT/timed/descriptive module"", ""constraint_gap"": ""attach time-risk compression or deadline triage while preserving mandatory conditions"", ""custom_source"": ""register PDF hash/page/source permissions and run conflict analysis before use"", ""verified_computation"": ""store provider/query/assumptions/output/version/reproducibility metadata""}","[""official_syllabus_scope_and_year"", ""official_question_pattern_and_marking_rules"", ""topic_definitions_theorems_algorithms_and_conditions"", ""prerequisite_dependencies_and_common_misconception_hypotheses"", ""historical_question_pattern_coding_with_evidence_label"", ""worked_examples_and_counterexamples"", ""assessment_mode_variants_mcq_msq_nat_and_descriptive_if_applicable"", ""learner_constraints_time_pressure_deadline_confidence_and_accessibility"", ""source_freshness_provenance_and_conflict_check""]","[""scope_and_definition"", ""prerequisite_and_dependency"", ""representation_and_language"", ""method_selection_and_conceptual_reasoning"", ""execution_and_calculation"", ""edge_cases_and_verification"", ""transfer_and_problem_solving"", ""assessment_mode"", ""time_and_exam_strategy"", ""negative_marking_and_risk"", ""retention_and_retrieval"", ""metacognition_and_feedback"", ""constraints_and_affective_load"", ""resource_and_content_fit""]","[""immediate_accuracy"", ""delayed_retrieval"", ""changed_surface_transfer"", ""time_to_method"", ""error_recurrence"", ""hint_dependence"", ""confidence_calibration"", ""support_burden""]","[""scope_pass"", ""claim_ledger_complete"", ""mathematics_pass"", ""assessment_pass"", ""citation_completeness"", ""accessibility_pass"", ""rollback_target_present""]",research_and_verification_required_before_authoritative_release
PS-10,Probability and Statistics,Poisson distribution,"[""CS"", ""CE"", ""EE"", ""ME"", ""XE-A""]","[""MCQ"", ""MSQ"", ""NAT""]","[""PS-05""]","[""PS-12""]",research-required before generation; learner-impact claims require outcome validation,probability,sample-space tree/table + distribution shape,"[""teach.hook"", ""teach.intuition"", ""teach.formal_anchor"", ""teach.method_selector"", ""teach.checked_example"", ""teach.counterexample"", ""assess.mcq"", ""assess.msq"", ""assess.nat"", ""verify.numeric""]","[""verification"", ""counterexample_search"", ""representation_generation"", ""question_variation"", ""learner_exploration""]","[""probability normalization"", ""conditional/independence check"", ""enumeration or simulation cross-check""]","{""scope"": ""scope.resolve + verify.scope"", ""research"": ""research.brief + research.claims + research.sources + research.conflicts"", ""teaching"": [""teach.hook"", ""teach.intuition"", ""teach.formal_anchor"", ""teach.method_selector"", ""teach.checked_example"", ""teach.counterexample"", ""teach.recall"", ""teach.transfer""], ""assessment"": [""assess.mcq"", ""assess.msq"", ""assess.nat"", ""assess.timed"", ""assess.answer_audit""], ""renderers"": [""render.markdown"", ""render.manim"", ""render.question_card""]}","[""visual_first"", ""simple_words"", ""exam_timed"", ""prerequisite_repair"", ""hindi_glossary"", ""formula_light"", ""minimal_delta""]","{""prerequisite_gap"": ""diagnose.prerequisite_probe then delta.select; automatic route requires converging evidence"", ""representation_gap"": ""attach representation shift without rewriting formal anchor"", ""execution_gap"": ""attach checked micro-drill and recompute verification trace"", ""assessment_mode_gap"": ""attach only the failing MCQ/MSQ/NAT/timed/descriptive module"", ""constraint_gap"": ""attach time-risk compression or deadline triage while preserving mandatory conditions"", ""custom_source"": ""register PDF hash/page/source permissions and run conflict analysis before use"", ""verified_computation"": ""store provider/query/assumptions/output/version/reproducibility metadata""}","[""official_syllabus_scope_and_year"", ""official_question_pattern_and_marking_rules"", ""topic_definitions_theorems_algorithms_and_conditions"", ""prerequisite_dependencies_and_common_misconception_hypotheses"", ""historical_question_pattern_coding_with_evidence_label"", ""worked_examples_and_counterexamples"", ""assessment_mode_variants_mcq_msq_nat_and_descriptive_if_applicable"", ""learner_constraints_time_pressure_deadline_confidence_and_accessibility"", ""source_freshness_provenance_and_conflict_check""]","[""scope_and_definition"", ""prerequisite_and_dependency"", ""representation_and_language"", ""method_selection_and_conceptual_reasoning"", ""execution_and_calculation"", ""edge_cases_and_verification"", ""transfer_and_problem_solving"", ""assessment_mode"", ""time_and_exam_strategy"", ""negative_marking_and_risk"", ""retention_and_retrieval"", ""metacognition_and_feedback"", ""constraints_and_affective_load"", ""resource_and_content_fit""]","[""immediate_accuracy"", ""delayed_retrieval"", ""changed_surface_transfer"", ""time_to_method"", ""error_recurrence"", ""hint_dependence"", ""confidence_calibration"", ""support_burden""]","[""scope_pass"", ""claim_ledger_complete"", ""mathematics_pass"", ""assessment_pass"", ""citation_completeness"", ""accessibility_pass"", ""rollback_target_present""]",research_and_verification_required_before_authoritative_release
PS-11,Probability and Statistics,Normal distribution,"[""CS"", ""CE"", ""EE"", ""ME"", ""XE-A""]","[""MCQ"", ""MSQ"", ""NAT""]","[""PS-05""]","[""PS-12""]",research-required before generation; learner-impact claims require outcome validation,probability,sample-space tree/table + distribution shape,"[""teach.hook"", ""teach.intuition"", ""teach.formal_anchor"", ""teach.method_selector"", ""teach.checked_example"", ""teach.counterexample"", ""assess.mcq"", ""assess.msq"", ""assess.nat"", ""verify.numeric""]","[""verification"", ""counterexample_search"", ""representation_generation"", ""question_variation"", ""learner_exploration""]","[""probability normalization"", ""conditional/independence check"", ""enumeration or simulation cross-check""]","{""scope"": ""scope.resolve + verify.scope"", ""research"": ""research.brief + research.claims + research.sources + research.conflicts"", ""teaching"": [""teach.hook"", ""teach.intuition"", ""teach.formal_anchor"", ""teach.method_selector"", ""teach.checked_example"", ""teach.counterexample"", ""teach.recall"", ""teach.transfer""], ""assessment"": [""assess.mcq"", ""assess.msq"", ""assess.nat"", ""assess.timed"", ""assess.answer_audit""], ""renderers"": [""render.markdown"", ""render.manim"", ""render.question_card""]}","[""visual_first"", ""simple_words"", ""exam_timed"", ""prerequisite_repair"", ""hindi_glossary"", ""formula_light"", ""minimal_delta""]","{""prerequisite_gap"": ""diagnose.prerequisite_probe then delta.select; automatic route requires converging evidence"", ""representation_gap"": ""attach representation shift without rewriting formal anchor"", ""execution_gap"": ""attach checked micro-drill and recompute verification trace"", ""assessment_mode_gap"": ""attach only the failing MCQ/MSQ/NAT/timed/descriptive module"", ""constraint_gap"": ""attach time-risk compression or deadline triage while preserving mandatory conditions"", ""custom_source"": ""register PDF hash/page/source permissions and run conflict analysis before use"", ""verified_computation"": ""store provider/query/assumptions/output/version/reproducibility metadata""}","[""official_syllabus_scope_and_year"", ""official_question_pattern_and_marking_rules"", ""topic_definitions_theorems_algorithms_and_conditions"", ""prerequisite_dependencies_and_common_misconception_hypotheses"", ""historical_question_pattern_coding_with_evidence_label"", ""worked_examples_and_counterexamples"", ""assessment_mode_variants_mcq_msq_nat_and_descriptive_if_applicable"", ""learner_constraints_time_pressure_deadline_confidence_and_accessibility"", ""source_freshness_provenance_and_conflict_check""]","[""scope_and_definition"", ""prerequisite_and_dependency"", ""representation_and_language"", ""method_selection_and_conceptual_reasoning"", ""execution_and_calculation"", ""edge_cases_and_verification"", ""transfer_and_problem_solving"", ""assessment_mode"", ""time_and_exam_strategy"", ""negative_marking_and_risk"", ""retention_and_retrieval"", ""metacognition_and_feedback"", ""constraints_and_affective_load"", ""resource_and_content_fit""]","[""immediate_accuracy"", ""delayed_retrieval"", ""changed_surface_transfer"", ""time_to_method"", ""error_recurrence"", ""hint_dependence"", ""confidence_calibration"", ""support_burden""]","[""scope_pass"", ""claim_ledger_complete"", ""mathematics_pass"", ""assessment_pass"", ""citation_completeness"", ""accessibility_pass"", ""rollback_target_present""]",research_and_verification_required_before_authoritative_release
PS-12,Probability and Statistics,Sampling theorems,"[""CE"", ""EE"", ""ME"", ""branch-dependent scope""]","[""MCQ"", ""MSQ"", ""NAT""]","[""PS-06"", ""PS-07"", ""PS-09"", ""PS-10"", ""PS-11""]",[],research-required before generation; learner-impact claims require outcome validation,probability,sample-space tree/table + distribution shape,"[""teach.hook"", ""teach.intuition"", ""teach.formal_anchor"", ""teach.method_selector"", ""teach.checked_example"", ""teach.counterexample"", ""assess.mcq"", ""assess.msq"", ""assess.nat"", ""verify.numeric""]","[""verification"", ""counterexample_search"", ""representation_generation"", ""question_variation"", ""learner_exploration""]","[""probability normalization"", ""conditional/independence check"", ""enumeration or simulation cross-check""]","{""scope"": ""scope.resolve + verify.scope"", ""research"": ""research.brief + research.claims + research.sources + research.conflicts"", ""teaching"": [""teach.hook"", ""teach.intuition"", ""teach.formal_anchor"", ""teach.method_selector"", ""teach.checked_example"", ""teach.counterexample"", ""teach.recall"", ""teach.transfer""], ""assessment"": [""assess.mcq"", ""assess.msq"", ""assess.nat"", ""assess.timed"", ""assess.answer_audit""], ""renderers"": [""render.markdown"", ""render.manim"", ""render.question_card""]}","[""visual_first"", ""simple_words"", ""exam_timed"", ""prerequisite_repair"", ""hindi_glossary"", ""formula_light"", ""minimal_delta""]","{""prerequisite_gap"": ""diagnose.prerequisite_probe then delta.select; automatic route requires converging evidence"", ""representation_gap"": ""attach representation shift without rewriting formal anchor"", ""execution_gap"": ""attach checked micro-drill and recompute verification trace"", ""assessment_mode_gap"": ""attach only the failing MCQ/MSQ/NAT/timed/descriptive module"", ""constraint_gap"": ""attach time-risk compression or deadline triage while preserving mandatory conditions"", ""custom_source"": ""register PDF hash/page/source permissions and run conflict analysis before use"", ""verified_computation"": ""store provider/query/assumptions/output/version/reproducibility metadata""}","[""official_syllabus_scope_and_year"", ""official_question_pattern_and_marking_rules"", ""topic_definitions_theorems_algorithms_and_conditions"", ""prerequisite_dependencies_and_common_misconception_hypotheses"", ""historical_question_pattern_coding_with_evidence_label"", ""worked_examples_and_counterexamples"", ""assessment_mode_variants_mcq_msq_nat_and_descriptive_if_applicable"", ""learner_constraints_time_pressure_deadline_confidence_and_accessibility"", ""source_freshness_provenance_and_conflict_check""]","[""scope_and_definition"", ""prerequisite_and_dependency"", ""representation_and_language"", ""method_selection_and_conceptual_reasoning"", ""execution_and_calculation"", ""edge_cases_and_verification"", ""transfer_and_problem_solving"", ""assessment_mode"", ""time_and_exam_strategy"", ""negative_marking_and_risk"", ""retention_and_retrieval"", ""metacognition_and_feedback"", ""constraints_and_affective_load"", ""resource_and_content_fit""]","[""immediate_accuracy"", ""delayed_retrieval"", ""changed_surface_transfer"", ""time_to_method"", ""error_recurrence"", ""hint_dependence"", ""confidence_calibration"", ""support_burden""]","[""scope_pass"", ""claim_ledger_complete"", ""mathematics_pass"", ""assessment_pass"", ""citation_completeness"", ""accessibility_pass"", ""rollback_target_present""]",research_and_verification_required_before_authoritative_release
PS-13,Probability and Statistics,Correlation,"[""EE"", ""CE and branch-dependent scope""]","[""MCQ"", ""MSQ"", ""NAT""]","[""PS-06"", ""PS-07""]","[""PS-14""]",research-required before generation; learner-impact claims require outcome validation,probability,sample-space tree/table + distribution shape,"[""teach.hook"", ""teach.intuition"", ""teach.formal_anchor"", ""teach.method_selector"", ""teach.checked_example"", ""teach.counterexample"", ""assess.mcq"", ""assess.msq"", ""assess.nat"", ""verify.numeric""]","[""verification"", ""counterexample_search"", ""representation_generation"", ""question_variation"", ""learner_exploration""]","[""probability normalization"", ""conditional/independence check"", ""enumeration or simulation cross-check""]","{""scope"": ""scope.resolve + verify.scope"", ""research"": ""research.brief + research.claims + research.sources + research.conflicts"", ""teaching"": [""teach.hook"", ""teach.intuition"", ""teach.formal_anchor"", ""teach.method_selector"", ""teach.checked_example"", ""teach.counterexample"", ""teach.recall"", ""teach.transfer""], ""assessment"": [""assess.mcq"", ""assess.msq"", ""assess.nat"", ""assess.timed"", ""assess.answer_audit""], ""renderers"": [""render.markdown"", ""render.manim"", ""render.question_card""]}","[""visual_first"", ""simple_words"", ""exam_timed"", ""prerequisite_repair"", ""hindi_glossary"", ""formula_light"", ""minimal_delta""]","{""prerequisite_gap"": ""diagnose.prerequisite_probe then delta.select; automatic route requires converging evidence"", ""representation_gap"": ""attach representation shift without rewriting formal anchor"", ""execution_gap"": ""attach checked micro-drill and recompute verification trace"", ""assessment_mode_gap"": ""attach only the failing MCQ/MSQ/NAT/timed/descriptive module"", ""constraint_gap"": ""attach time-risk compression or deadline triage while preserving mandatory conditions"", ""custom_source"": ""register PDF hash/page/source permissions and run conflict analysis before use"", ""verified_computation"": ""store provider/query/assumptions/output/version/reproducibility metadata""}","[""official_syllabus_scope_and_year"", ""official_question_pattern_and_marking_rules"", ""topic_definitions_theorems_algorithms_and_conditions"", ""prerequisite_dependencies_and_common_misconception_hypotheses"", ""historical_question_pattern_coding_with_evidence_label"", ""worked_examples_and_counterexamples"", ""assessment_mode_variants_mcq_msq_nat_and_descriptive_if_applicable"", ""learner_constraints_time_pressure_deadline_confidence_and_accessibility"", ""source_freshness_provenance_and_conflict_check""]","[""scope_and_definition"", ""prerequisite_and_dependency"", ""representation_and_language"", ""method_selection_and_conceptual_reasoning"", ""execution_and_calculation"", ""edge_cases_and_verification"", ""transfer_and_problem_solving"", ""assessment_mode"", ""time_and_exam_strategy"", ""negative_marking_and_risk"", ""retention_and_retrieval"", ""metacognition_and_feedback"", ""constraints_and_affective_load"", ""resource_and_content_fit""]","[""immediate_accuracy"", ""delayed_retrieval"", ""changed_surface_transfer"", ""time_to_method"", ""error_recurrence"", ""hint_dependence"", ""confidence_calibration"", ""support_burden""]","[""scope_pass"", ""claim_ledger_complete"", ""mathematics_pass"", ""assessment_pass"", ""citation_completeness"", ""accessibility_pass"", ""rollback_target_present""]",research_and_verification_required_before_authoritative_release
PS-14,Probability and Statistics,Linear regression,"[""CE"", ""EE and branch-dependent scope""]","[""MCQ"", ""MSQ"", ""NAT""]","[""PS-06"", ""PS-07"", ""PS-13""]",[],research-required before generation; learner-impact claims require outcome validation,matrix,matrix/table + dimension overlay,"[""teach.hook"", ""teach.intuition"", ""teach.formal_anchor"", ""teach.checked_example"", ""assess.mcq"", ""assess.msq"", ""assess.nat"", ""verify.symbolic"", ""verify.dimension"", ""verify.scope""]","[""verification"", ""counterexample_search"", ""representation_generation"", ""question_variation"", ""learner_exploration""]","[""symbolic equivalence"", ""dimension compatibility"", ""determinant/rank/invertibility checks"", ""counterexample search""]","{""scope"": ""scope.resolve + verify.scope"", ""research"": ""research.brief + research.claims + research.sources + research.conflicts"", ""teaching"": [""teach.hook"", ""teach.intuition"", ""teach.formal_anchor"", ""teach.method_selector"", ""teach.checked_example"", ""teach.counterexample"", ""teach.recall"", ""teach.transfer""], ""assessment"": [""assess.mcq"", ""assess.msq"", ""assess.nat"", ""assess.timed"", ""assess.answer_audit""], ""renderers"": [""render.markdown"", ""render.manim"", ""render.question_card""]}","[""visual_first"", ""simple_words"", ""exam_timed"", ""prerequisite_repair"", ""hindi_glossary"", ""formula_light"", ""minimal_delta""]","{""prerequisite_gap"": ""diagnose.prerequisite_probe then delta.select; automatic route requires converging evidence"", ""representation_gap"": ""attach representation shift without rewriting formal anchor"", ""execution_gap"": ""attach checked micro-drill and recompute verification trace"", ""assessment_mode_gap"": ""attach only the failing MCQ/MSQ/NAT/timed/descriptive module"", ""constraint_gap"": ""attach time-risk compression or deadline triage while preserving mandatory conditions"", ""custom_source"": ""register PDF hash/page/source permissions and run conflict analysis before use"", ""verified_computation"": ""store provider/query/assumptions/output/version/reproducibility metadata""}","[""official_syllabus_scope_and_year"", ""official_question_pattern_and_marking_rules"", ""topic_definitions_theorems_algorithms_and_conditions"", ""prerequisite_dependencies_and_common_misconception_hypotheses"", ""historical_question_pattern_coding_with_evidence_label"", ""worked_examples_and_counterexamples"", ""assessment_mode_variants_mcq_msq_nat_and_descriptive_if_applicable"", ""learner_constraints_time_pressure_deadline_confidence_and_accessibility"", ""source_freshness_provenance_and_conflict_check""]","[""scope_and_definition"", ""prerequisite_and_dependency"", ""representation_and_language"", ""method_selection_and_conceptual_reasoning"", ""execution_and_calculation"", ""edge_cases_and_verification"", ""transfer_and_problem_solving"", ""assessment_mode"", ""time_and_exam_strategy"", ""negative_marking_and_risk"", ""retention_and_retrieval"", ""metacognition_and_feedback"", ""constraints_and_affective_load"", ""resource_and_content_fit""]","[""immediate_accuracy"", ""delayed_retrieval"", ""changed_surface_transfer"", ""time_to_method"", ""error_recurrence"", ""hint_dependence"", ""confidence_calibration"", ""support_burden""]","[""scope_pass"", ""claim_ledger_complete"", ""mathematics_pass"", ""assessment_pass"", ""citation_completeness"", ""accessibility_pass"", ""rollback_target_present""]",research_and_verification_required_before_authoritative_release
NM-01,Numerical Methods,Numerical error and error analysis,"[""CE and branch-dependent scope""]","[""MCQ"", ""MSQ"", ""NAT""]",[],"[""NM-02"", ""NM-03"", ""NM-05"", ""NM-07"", ""NM-08"", ""NM-10""]",research-required before generation; learner-impact claims require outcome validation,numerical,iteration trace + residual/error budget,"[""teach.hook"", ""teach.intuition"", ""teach.formal_anchor"", ""teach.method_selector"", ""teach.checked_example"", ""teach.counterexample"", ""assess.mcq"", ""assess.msq"", ""assess.nat"", ""verify.numeric"", ""verify.symbolic""]","[""verification"", ""counterexample_search"", ""representation_generation"", ""question_variation"", ""learner_exploration""]","[""iteration recomputation"", ""residual and stopping-rule check"", ""convergence/stability check""]","{""scope"": ""scope.resolve + verify.scope"", ""research"": ""research.brief + research.claims + research.sources + research.conflicts"", ""teaching"": [""teach.hook"", ""teach.intuition"", ""teach.formal_anchor"", ""teach.method_selector"", ""teach.checked_example"", ""teach.counterexample"", ""teach.recall"", ""teach.transfer""], ""assessment"": [""assess.mcq"", ""assess.msq"", ""assess.nat"", ""assess.timed"", ""assess.answer_audit""], ""renderers"": [""render.markdown"", ""render.manim"", ""render.question_card""]}","[""visual_first"", ""simple_words"", ""exam_timed"", ""prerequisite_repair"", ""hindi_glossary"", ""formula_light"", ""minimal_delta""]","{""prerequisite_gap"": ""diagnose.prerequisite_probe then delta.select; automatic route requires converging evidence"", ""representation_gap"": ""attach representation shift without rewriting formal anchor"", ""execution_gap"": ""attach checked micro-drill and recompute verification trace"", ""assessment_mode_gap"": ""attach only the failing MCQ/MSQ/NAT/timed/descriptive module"", ""constraint_gap"": ""attach time-risk compression or deadline triage while preserving mandatory conditions"", ""custom_source"": ""register PDF hash/page/source permissions and run conflict analysis before use"", ""verified_computation"": ""store provider/query/assumptions/output/version/reproducibility metadata""}","[""official_syllabus_scope_and_year"", ""official_question_pattern_and_marking_rules"", ""topic_definitions_theorems_algorithms_and_conditions"", ""prerequisite_dependencies_and_common_misconception_hypotheses"", ""historical_question_pattern_coding_with_evidence_label"", ""worked_examples_and_counterexamples"", ""assessment_mode_variants_mcq_msq_nat_and_descriptive_if_applicable"", ""learner_constraints_time_pressure_deadline_confidence_and_accessibility"", ""source_freshness_provenance_and_conflict_check""]","[""scope_and_definition"", ""prerequisite_and_dependency"", ""representation_and_language"", ""method_selection_and_conceptual_reasoning"", ""execution_and_calculation"", ""edge_cases_and_verification"", ""transfer_and_problem_solving"", ""assessment_mode"", ""time_and_exam_strategy"", ""negative_marking_and_risk"", ""retention_and_retrieval"", ""metacognition_and_feedback"", ""constraints_and_affective_load"", ""resource_and_content_fit""]","[""immediate_accuracy"", ""delayed_retrieval"", ""changed_surface_transfer"", ""time_to_method"", ""error_recurrence"", ""hint_dependence"", ""confidence_calibration"", ""support_burden""]","[""scope_pass"", ""claim_ledger_complete"", ""mathematics_pass"", ""assessment_pass"", ""citation_completeness"", ""accessibility_pass"", ""rollback_target_present""]",research_and_verification_required_before_authoritative_release
NM-02,Numerical Methods,Conditioning and stability concepts,"[""Branch-dependent numerical scope""]","[""MCQ"", ""MSQ"", ""NAT""]","[""NM-01""]","[""NM-03"", ""NM-04"", ""NM-07""]",research-required before generation; learner-impact claims require outcome validation,numerical,iteration trace + residual/error budget,"[""teach.hook"", ""teach.intuition"", ""teach.formal_anchor"", ""teach.method_selector"", ""teach.checked_example"", ""teach.counterexample"", ""assess.mcq"", ""assess.msq"", ""assess.nat"", ""verify.numeric"", ""verify.symbolic""]","[""verification"", ""counterexample_search"", ""representation_generation"", ""question_variation"", ""learner_exploration""]","[""iteration recomputation"", ""residual and stopping-rule check"", ""convergence/stability check""]","{""scope"": ""scope.resolve + verify.scope"", ""research"": ""research.brief + research.claims + research.sources + research.conflicts"", ""teaching"": [""teach.hook"", ""teach.intuition"", ""teach.formal_anchor"", ""teach.method_selector"", ""teach.checked_example"", ""teach.counterexample"", ""teach.recall"", ""teach.transfer""], ""assessment"": [""assess.mcq"", ""assess.msq"", ""assess.nat"", ""assess.timed"", ""assess.answer_audit""], ""renderers"": [""render.markdown"", ""render.manim"", ""render.question_card""]}","[""visual_first"", ""simple_words"", ""exam_timed"", ""prerequisite_repair"", ""hindi_glossary"", ""formula_light"", ""minimal_delta""]","{""prerequisite_gap"": ""diagnose.prerequisite_probe then delta.select; automatic route requires converging evidence"", ""representation_gap"": ""attach representation shift without rewriting formal anchor"", ""execution_gap"": ""attach checked micro-drill and recompute verification trace"", ""assessment_mode_gap"": ""attach only the failing MCQ/MSQ/NAT/timed/descriptive module"", ""constraint_gap"": ""attach time-risk compression or deadline triage while preserving mandatory conditions"", ""custom_source"": ""register PDF hash/page/source permissions and run conflict analysis before use"", ""verified_computation"": ""store provider/query/assumptions/output/version/reproducibility metadata""}","[""official_syllabus_scope_and_year"", ""official_question_pattern_and_marking_rules"", ""topic_definitions_theorems_algorithms_and_conditions"", ""prerequisite_dependencies_and_common_misconception_hypotheses"", ""historical_question_pattern_coding_with_evidence_label"", ""worked_examples_and_counterexamples"", ""assessment_mode_variants_mcq_msq_nat_and_descriptive_if_applicable"", ""learner_constraints_time_pressure_deadline_confidence_and_accessibility"", ""source_freshness_provenance_and_conflict_check""]","[""scope_and_definition"", ""prerequisite_and_dependency"", ""representation_and_language"", ""method_selection_and_conceptual_reasoning"", ""execution_and_calculation"", ""edge_cases_and_verification"", ""transfer_and_problem_solving"", ""assessment_mode"", ""time_and_exam_strategy"", ""negative_marking_and_risk"", ""retention_and_retrieval"", ""metacognition_and_feedback"", ""constraints_and_affective_load"", ""resource_and_content_fit""]","[""immediate_accuracy"", ""delayed_retrieval"", ""changed_surface_transfer"", ""time_to_method"", ""error_recurrence"", ""hint_dependence"", ""confidence_calibration"", ""support_burden""]","[""scope_pass"", ""claim_ledger_complete"", ""mathematics_pass"", ""assessment_pass"", ""citation_completeness"", ""accessibility_pass"", ""rollback_target_present""]",research_and_verification_required_before_authoritative_release
NM-03,Numerical Methods,Gauss elimination,"[""XE-A and branch-dependent scope""]","[""MCQ"", ""MSQ"", ""NAT""]","[""LA-01"", ""LA-05"", ""NM-01"", ""NM-02""]","[""NM-04""]",research-required before generation; learner-impact claims require outcome validation,numerical,iteration trace + residual/error budget,"[""teach.hook"", ""teach.intuition"", ""teach.formal_anchor"", ""teach.method_selector"", ""teach.checked_example"", ""teach.counterexample"", ""assess.mcq"", ""assess.msq"", ""assess.nat"", ""verify.numeric"", ""verify.symbolic""]","[""verification"", ""counterexample_search"", ""representation_generation"", ""question_variation"", ""learner_exploration""]","[""iteration recomputation"", ""residual and stopping-rule check"", ""convergence/stability check""]","{""scope"": ""scope.resolve + verify.scope"", ""research"": ""research.brief + research.claims + research.sources + research.conflicts"", ""teaching"": [""teach.hook"", ""teach.intuition"", ""teach.formal_anchor"", ""teach.method_selector"", ""teach.checked_example"", ""teach.counterexample"", ""teach.recall"", ""teach.transfer""], ""assessment"": [""assess.mcq"", ""assess.msq"", ""assess.nat"", ""assess.timed"", ""assess.answer_audit""], ""renderers"": [""render.markdown"", ""render.manim"", ""render.question_card""]}","[""visual_first"", ""simple_words"", ""exam_timed"", ""prerequisite_repair"", ""hindi_glossary"", ""formula_light"", ""minimal_delta""]","{""prerequisite_gap"": ""diagnose.prerequisite_probe then delta.select; automatic route requires converging evidence"", ""representation_gap"": ""attach representation shift without rewriting formal anchor"", ""execution_gap"": ""attach checked micro-drill and recompute verification trace"", ""assessment_mode_gap"": ""attach only the failing MCQ/MSQ/NAT/timed/descriptive module"", ""constraint_gap"": ""attach time-risk compression or deadline triage while preserving mandatory conditions"", ""custom_source"": ""register PDF hash/page/source permissions and run conflict analysis before use"", ""verified_computation"": ""store provider/query/assumptions/output/version/reproducibility metadata""}","[""official_syllabus_scope_and_year"", ""official_question_pattern_and_marking_rules"", ""topic_definitions_theorems_algorithms_and_conditions"", ""prerequisite_dependencies_and_common_misconception_hypotheses"", ""historical_question_pattern_coding_with_evidence_label"", ""worked_examples_and_counterexamples"", ""assessment_mode_variants_mcq_msq_nat_and_descriptive_if_applicable"", ""learner_constraints_time_pressure_deadline_confidence_and_accessibility"", ""source_freshness_provenance_and_conflict_check""]","[""scope_and_definition"", ""prerequisite_and_dependency"", ""representation_and_language"", ""method_selection_and_conceptual_reasoning"", ""execution_and_calculation"", ""edge_cases_and_verification"", ""transfer_and_problem_solving"", ""assessment_mode"", ""time_and_exam_strategy"", ""negative_marking_and_risk"", ""retention_and_retrieval"", ""metacognition_and_feedback"", ""constraints_and_affective_load"", ""resource_and_content_fit""]","[""immediate_accuracy"", ""delayed_retrieval"", ""changed_surface_transfer"", ""time_to_method"", ""error_recurrence"", ""hint_dependence"", ""confidence_calibration"", ""support_burden""]","[""scope_pass"", ""claim_ledger_complete"", ""mathematics_pass"", ""assessment_pass"", ""citation_completeness"", ""accessibility_pass"", ""rollback_target_present""]",research_and_verification_required_before_authoritative_release
NM-04,Numerical Methods,LU decomposition,"[""CS"", ""XE-A and branch-dependent scope""]","[""MCQ"", ""MSQ"", ""NAT""]","[""LA-05"", ""LA-06"", ""NM-02"", ""NM-03""]",[],research-required before generation; learner-impact claims require outcome validation,matrix,matrix/table + dimension overlay,"[""teach.hook"", ""teach.intuition"", ""teach.formal_anchor"", ""teach.checked_example"", ""assess.mcq"", ""assess.msq"", ""assess.nat"", ""verify.symbolic"", ""verify.dimension"", ""verify.scope""]","[""verification"", ""counterexample_search"", ""representation_generation"", ""question_variation"", ""learner_exploration""]","[""symbolic equivalence"", ""dimension compatibility"", ""determinant/rank/invertibility checks"", ""counterexample search""]","{""scope"": ""scope.resolve + verify.scope"", ""research"": ""research.brief + research.claims + research.sources + research.conflicts"", ""teaching"": [""teach.hook"", ""teach.intuition"", ""teach.formal_anchor"", ""teach.method_selector"", ""teach.checked_example"", ""teach.counterexample"", ""teach.recall"", ""teach.transfer""], ""assessment"": [""assess.mcq"", ""assess.msq"", ""assess.nat"", ""assess.timed"", ""assess.answer_audit""], ""renderers"": [""render.markdown"", ""render.manim"", ""render.question_card""]}","[""visual_first"", ""simple_words"", ""exam_timed"", ""prerequisite_repair"", ""hindi_glossary"", ""formula_light"", ""minimal_delta""]","{""prerequisite_gap"": ""diagnose.prerequisite_probe then delta.select; automatic route requires converging evidence"", ""representation_gap"": ""attach representation shift without rewriting formal anchor"", ""execution_gap"": ""attach checked micro-drill and recompute verification trace"", ""assessment_mode_gap"": ""attach only the failing MCQ/MSQ/NAT/timed/descriptive module"", ""constraint_gap"": ""attach time-risk compression or deadline triage while preserving mandatory conditions"", ""custom_source"": ""register PDF hash/page/source permissions and run conflict analysis before use"", ""verified_computation"": ""store provider/query/assumptions/output/version/reproducibility metadata""}","[""official_syllabus_scope_and_year"", ""official_question_pattern_and_marking_rules"", ""topic_definitions_theorems_algorithms_and_conditions"", ""prerequisite_dependencies_and_common_misconception_hypotheses"", ""historical_question_pattern_coding_with_evidence_label"", ""worked_examples_and_counterexamples"", ""assessment_mode_variants_mcq_msq_nat_and_descriptive_if_applicable"", ""learner_constraints_time_pressure_deadline_confidence_and_accessibility"", ""source_freshness_provenance_and_conflict_check""]","[""scope_and_definition"", ""prerequisite_and_dependency"", ""representation_and_language"", ""method_selection_and_conceptual_reasoning"", ""execution_and_calculation"", ""edge_cases_and_verification"", ""transfer_and_problem_solving"", ""assessment_mode"", ""time_and_exam_strategy"", ""negative_marking_and_risk"", ""retention_and_retrieval"", ""metacognition_and_feedback"", ""constraints_and_affective_load"", ""resource_and_content_fit""]","[""immediate_accuracy"", ""delayed_retrieval"", ""changed_surface_transfer"", ""time_to_method"", ""error_recurrence"", ""hint_dependence"", ""confidence_calibration"", ""support_burden""]","[""scope_pass"", ""claim_ledger_complete"", ""mathematics_pass"", ""assessment_pass"", ""citation_completeness"", ""accessibility_pass"", ""rollback_target_present""]",research_and_verification_required_before_authoritative_release
NM-05,Numerical Methods,Lagrange interpolation,"[""CE"", ""XE-A and branch-dependent scope""]","[""MCQ"", ""MSQ"", ""NAT""]","[""NM-01""]","[""NM-06""]",research-required before generation; learner-impact claims require outcome validation,optimization,objective landscape + candidate/boundary table,"[""teach.hook"", ""teach.intuition"", ""teach.formal_anchor"", ""teach.method_selector"", ""teach.checked_example"", ""teach.counterexample"", ""assess.mcq"", ""assess.msq"", ""assess.nat"", ""verify.symbolic""]","[""verification"", ""counterexample_search"", ""representation_generation"", ""question_variation"", ""learner_exploration""]","[""stationary-point recomputation"", ""second-order/boundary check"", ""candidate completeness check""]","{""scope"": ""scope.resolve + verify.scope"", ""research"": ""research.brief + research.claims + research.sources + research.conflicts"", ""teaching"": [""teach.hook"", ""teach.intuition"", ""teach.formal_anchor"", ""teach.method_selector"", ""teach.checked_example"", ""teach.counterexample"", ""teach.recall"", ""teach.transfer""], ""assessment"": [""assess.mcq"", ""assess.msq"", ""assess.nat"", ""assess.timed"", ""assess.answer_audit""], ""renderers"": [""render.markdown"", ""render.manim"", ""render.question_card""]}","[""visual_first"", ""simple_words"", ""exam_timed"", ""prerequisite_repair"", ""hindi_glossary"", ""formula_light"", ""minimal_delta""]","{""prerequisite_gap"": ""diagnose.prerequisite_probe then delta.select; automatic route requires converging evidence"", ""representation_gap"": ""attach representation shift without rewriting formal anchor"", ""execution_gap"": ""attach checked micro-drill and recompute verification trace"", ""assessment_mode_gap"": ""attach only the failing MCQ/MSQ/NAT/timed/descriptive module"", ""constraint_gap"": ""attach time-risk compression or deadline triage while preserving mandatory conditions"", ""custom_source"": ""register PDF hash/page/source permissions and run conflict analysis before use"", ""verified_computation"": ""store provider/query/assumptions/output/version/reproducibility metadata""}","[""official_syllabus_scope_and_year"", ""official_question_pattern_and_marking_rules"", ""topic_definitions_theorems_algorithms_and_conditions"", ""prerequisite_dependencies_and_common_misconception_hypotheses"", ""historical_question_pattern_coding_with_evidence_label"", ""worked_examples_and_counterexamples"", ""assessment_mode_variants_mcq_msq_nat_and_descriptive_if_applicable"", ""learner_constraints_time_pressure_deadline_confidence_and_accessibility"", ""source_freshness_provenance_and_conflict_check""]","[""scope_and_definition"", ""prerequisite_and_dependency"", ""representation_and_language"", ""method_selection_and_conceptual_reasoning"", ""execution_and_calculation"", ""edge_cases_and_verification"", ""transfer_and_problem_solving"", ""assessment_mode"", ""time_and_exam_strategy"", ""negative_marking_and_risk"", ""retention_and_retrieval"", ""metacognition_and_feedback"", ""constraints_and_affective_load"", ""resource_and_content_fit""]","[""immediate_accuracy"", ""delayed_retrieval"", ""changed_surface_transfer"", ""time_to_method"", ""error_recurrence"", ""hint_dependence"", ""confidence_calibration"", ""support_burden""]","[""scope_pass"", ""claim_ledger_complete"", ""mathematics_pass"", ""assessment_pass"", ""citation_completeness"", ""accessibility_pass"", ""rollback_target_present""]",research_and_verification_required_before_authoritative_release
NM-06,Numerical Methods,Newton interpolation,"[""XE-A and branch-dependent scope""]","[""MCQ"", ""MSQ"", ""NAT""]","[""NM-05""]",[],research-required before generation; learner-impact claims require outcome validation,numerical,iteration trace + residual/error budget,"[""teach.hook"", ""teach.intuition"", ""teach.formal_anchor"", ""teach.method_selector"", ""teach.checked_example"", ""teach.counterexample"", ""assess.mcq"", ""assess.msq"", ""assess.nat"", ""verify.numeric"", ""verify.symbolic""]","[""verification"", ""counterexample_search"", ""representation_generation"", ""question_variation"", ""learner_exploration""]","[""iteration recomputation"", ""residual and stopping-rule check"", ""convergence/stability check""]","{""scope"": ""scope.resolve + verify.scope"", ""research"": ""research.brief + research.claims + research.sources + research.conflicts"", ""teaching"": [""teach.hook"", ""teach.intuition"", ""teach.formal_anchor"", ""teach.method_selector"", ""teach.checked_example"", ""teach.counterexample"", ""teach.recall"", ""teach.transfer""], ""assessment"": [""assess.mcq"", ""assess.msq"", ""assess.nat"", ""assess.timed"", ""assess.answer_audit""], ""renderers"": [""render.markdown"", ""render.manim"", ""render.question_card""]}","[""visual_first"", ""simple_words"", ""exam_timed"", ""prerequisite_repair"", ""hindi_glossary"", ""formula_light"", ""minimal_delta""]","{""prerequisite_gap"": ""diagnose.prerequisite_probe then delta.select; automatic route requires converging evidence"", ""representation_gap"": ""attach representation shift without rewriting formal anchor"", ""execution_gap"": ""attach checked micro-drill and recompute verification trace"", ""assessment_mode_gap"": ""attach only the failing MCQ/MSQ/NAT/timed/descriptive module"", ""constraint_gap"": ""attach time-risk compression or deadline triage while preserving mandatory conditions"", ""custom_source"": ""register PDF hash/page/source permissions and run conflict analysis before use"", ""verified_computation"": ""store provider/query/assumptions/output/version/reproducibility metadata""}","[""official_syllabus_scope_and_year"", ""official_question_pattern_and_marking_rules"", ""topic_definitions_theorems_algorithms_and_conditions"", ""prerequisite_dependencies_and_common_misconception_hypotheses"", ""historical_question_pattern_coding_with_evidence_label"", ""worked_examples_and_counterexamples"", ""assessment_mode_variants_mcq_msq_nat_and_descriptive_if_applicable"", ""learner_constraints_time_pressure_deadline_confidence_and_accessibility"", ""source_freshness_provenance_and_conflict_check""]","[""scope_and_definition"", ""prerequisite_and_dependency"", ""representation_and_language"", ""method_selection_and_conceptual_reasoning"", ""execution_and_calculation"", ""edge_cases_and_verification"", ""transfer_and_problem_solving"", ""assessment_mode"", ""time_and_exam_strategy"", ""negative_marking_and_risk"", ""retention_and_retrieval"", ""metacognition_and_feedback"", ""constraints_and_affective_load"", ""resource_and_content_fit""]","[""immediate_accuracy"", ""delayed_retrieval"", ""changed_surface_transfer"", ""time_to_method"", ""error_recurrence"", ""hint_dependence"", ""confidence_calibration"", ""support_burden""]","[""scope_pass"", ""claim_ledger_complete"", ""mathematics_pass"", ""assessment_pass"", ""citation_completeness"", ""accessibility_pass"", ""rollback_target_present""]",research_and_verification_required_before_authoritative_release
NM-07,Numerical Methods,Newton–Raphson method,"[""XE-A and branch-dependent scope""]","[""MCQ"", ""MSQ"", ""NAT""]","[""CA-05"", ""NM-01"", ""NM-02""]",[],research-required before generation; learner-impact claims require outcome validation,numerical,iteration trace + residual/error budget,"[""teach.hook"", ""teach.intuition"", ""teach.formal_anchor"", ""teach.method_selector"", ""teach.checked_example"", ""teach.counterexample"", ""assess.mcq"", ""assess.msq"", ""assess.nat"", ""verify.numeric"", ""verify.symbolic""]","[""verification"", ""counterexample_search"", ""representation_generation"", ""question_variation"", ""learner_exploration""]","[""iteration recomputation"", ""residual and stopping-rule check"", ""convergence/stability check""]","{""scope"": ""scope.resolve + verify.scope"", ""research"": ""research.brief + research.claims + research.sources + research.conflicts"", ""teaching"": [""teach.hook"", ""teach.intuition"", ""teach.formal_anchor"", ""teach.method_selector"", ""teach.checked_example"", ""teach.counterexample"", ""teach.recall"", ""teach.transfer""], ""assessment"": [""assess.mcq"", ""assess.msq"", ""assess.nat"", ""assess.timed"", ""assess.answer_audit""], ""renderers"": [""render.markdown"", ""render.manim"", ""render.question_card""]}","[""visual_first"", ""simple_words"", ""exam_timed"", ""prerequisite_repair"", ""hindi_glossary"", ""formula_light"", ""minimal_delta""]","{""prerequisite_gap"": ""diagnose.prerequisite_probe then delta.select; automatic route requires converging evidence"", ""representation_gap"": ""attach representation shift without rewriting formal anchor"", ""execution_gap"": ""attach checked micro-drill and recompute verification trace"", ""assessment_mode_gap"": ""attach only the failing MCQ/MSQ/NAT/timed/descriptive module"", ""constraint_gap"": ""attach time-risk compression or deadline triage while preserving mandatory conditions"", ""custom_source"": ""register PDF hash/page/source permissions and run conflict analysis before use"", ""verified_computation"": ""store provider/query/assumptions/output/version/reproducibility metadata""}","[""official_syllabus_scope_and_year"", ""official_question_pattern_and_marking_rules"", ""topic_definitions_theorems_algorithms_and_conditions"", ""prerequisite_dependencies_and_common_misconception_hypotheses"", ""historical_question_pattern_coding_with_evidence_label"", ""worked_examples_and_counterexamples"", ""assessment_mode_variants_mcq_msq_nat_and_descriptive_if_applicable"", ""learner_constraints_time_pressure_deadline_confidence_and_accessibility"", ""source_freshness_provenance_and_conflict_check""]","[""scope_and_definition"", ""prerequisite_and_dependency"", ""representation_and_language"", ""method_selection_and_conceptual_reasoning"", ""execution_and_calculation"", ""edge_cases_and_verification"", ""transfer_and_problem_solving"", ""assessment_mode"", ""time_and_exam_strategy"", ""negative_marking_and_risk"", ""retention_and_retrieval"", ""metacognition_and_feedback"", ""constraints_and_affective_load"", ""resource_and_content_fit""]","[""immediate_accuracy"", ""delayed_retrieval"", ""changed_surface_transfer"", ""time_to_method"", ""error_recurrence"", ""hint_dependence"", ""confidence_calibration"", ""support_burden""]","[""scope_pass"", ""claim_ledger_complete"", ""mathematics_pass"", ""assessment_pass"", ""citation_completeness"", ""accessibility_pass"", ""rollback_target_present""]",research_and_verification_required_before_authoritative_release
NM-08,Numerical Methods,Numerical integration: trapezoidal rule,"[""CE"", ""ME"", ""XE-A""]","[""MCQ"", ""MSQ"", ""NAT""]","[""CA-11"", ""NM-01""]","[""NM-09""]",research-required before generation; learner-impact claims require outcome validation,numerical,iteration trace + residual/error budget,"[""teach.hook"", ""teach.intuition"", ""teach.formal_anchor"", ""teach.method_selector"", ""teach.checked_example"", ""teach.counterexample"", ""assess.mcq"", ""assess.msq"", ""assess.nat"", ""verify.numeric"", ""verify.symbolic""]","[""verification"", ""counterexample_search"", ""representation_generation"", ""question_variation"", ""learner_exploration""]","[""iteration recomputation"", ""residual and stopping-rule check"", ""convergence/stability check""]","{""scope"": ""scope.resolve + verify.scope"", ""research"": ""research.brief + research.claims + research.sources + research.conflicts"", ""teaching"": [""teach.hook"", ""teach.intuition"", ""teach.formal_anchor"", ""teach.method_selector"", ""teach.checked_example"", ""teach.counterexample"", ""teach.recall"", ""teach.transfer""], ""assessment"": [""assess.mcq"", ""assess.msq"", ""assess.nat"", ""assess.timed"", ""assess.answer_audit""], ""renderers"": [""render.markdown"", ""render.manim"", ""render.question_card""]}","[""visual_first"", ""simple_words"", ""exam_timed"", ""prerequisite_repair"", ""hindi_glossary"", ""formula_light"", ""minimal_delta""]","{""prerequisite_gap"": ""diagnose.prerequisite_probe then delta.select; automatic route requires converging evidence"", ""representation_gap"": ""attach representation shift without rewriting formal anchor"", ""execution_gap"": ""attach checked micro-drill and recompute verification trace"", ""assessment_mode_gap"": ""attach only the failing MCQ/MSQ/NAT/timed/descriptive module"", ""constraint_gap"": ""attach time-risk compression or deadline triage while preserving mandatory conditions"", ""custom_source"": ""register PDF hash/page/source permissions and run conflict analysis before use"", ""verified_computation"": ""store provider/query/assumptions/output/version/reproducibility metadata""}","[""official_syllabus_scope_and_year"", ""official_question_pattern_and_marking_rules"", ""topic_definitions_theorems_algorithms_and_conditions"", ""prerequisite_dependencies_and_common_misconception_hypotheses"", ""historical_question_pattern_coding_with_evidence_label"", ""worked_examples_and_counterexamples"", ""assessment_mode_variants_mcq_msq_nat_and_descriptive_if_applicable"", ""learner_constraints_time_pressure_deadline_confidence_and_accessibility"", ""source_freshness_provenance_and_conflict_check""]","[""scope_and_definition"", ""prerequisite_and_dependency"", ""representation_and_language"", ""method_selection_and_conceptual_reasoning"", ""execution_and_calculation"", ""edge_cases_and_verification"", ""transfer_and_problem_solving"", ""assessment_mode"", ""time_and_exam_strategy"", ""negative_marking_and_risk"", ""retention_and_retrieval"", ""metacognition_and_feedback"", ""constraints_and_affective_load"", ""resource_and_content_fit""]","[""immediate_accuracy"", ""delayed_retrieval"", ""changed_surface_transfer"", ""time_to_method"", ""error_recurrence"", ""hint_dependence"", ""confidence_calibration"", ""support_burden""]","[""scope_pass"", ""claim_ledger_complete"", ""mathematics_pass"", ""assessment_pass"", ""citation_completeness"", ""accessibility_pass"", ""rollback_target_present""]",research_and_verification_required_before_authoritative_release
NM-09,Numerical Methods,Numerical integration: Simpson’s rule,"[""CE"", ""ME"", ""XE-A""]","[""MCQ"", ""MSQ"", ""NAT""]","[""CA-11"", ""NM-08""]",[],research-required before generation; learner-impact claims require outcome validation,numerical,iteration trace + residual/error budget,"[""teach.hook"", ""teach.intuition"", ""teach.formal_anchor"", ""teach.method_selector"", ""teach.checked_example"", ""teach.counterexample"", ""assess.mcq"", ""assess.msq"", ""assess.nat"", ""verify.numeric"", ""verify.symbolic""]","[""verification"", ""counterexample_search"", ""representation_generation"", ""question_variation"", ""learner_exploration""]","[""iteration recomputation"", ""residual and stopping-rule check"", ""convergence/stability check""]","{""scope"": ""scope.resolve + verify.scope"", ""research"": ""research.brief + research.claims + research.sources + research.conflicts"", ""teaching"": [""teach.hook"", ""teach.intuition"", ""teach.formal_anchor"", ""teach.method_selector"", ""teach.checked_example"", ""teach.counterexample"", ""teach.recall"", ""teach.transfer""], ""assessment"": [""assess.mcq"", ""assess.msq"", ""assess.nat"", ""assess.timed"", ""assess.answer_audit""], ""renderers"": [""render.markdown"", ""render.manim"", ""render.question_card""]}","[""visual_first"", ""simple_words"", ""exam_timed"", ""prerequisite_repair"", ""hindi_glossary"", ""formula_light"", ""minimal_delta""]","{""prerequisite_gap"": ""diagnose.prerequisite_probe then delta.select; automatic route requires converging evidence"", ""representation_gap"": ""attach representation shift without rewriting formal anchor"", ""execution_gap"": ""attach checked micro-drill and recompute verification trace"", ""assessment_mode_gap"": ""attach only the failing MCQ/MSQ/NAT/timed/descriptive module"", ""constraint_gap"": ""attach time-risk compression or deadline triage while preserving mandatory conditions"", ""custom_source"": ""register PDF hash/page/source permissions and run conflict analysis before use"", ""verified_computation"": ""store provider/query/assumptions/output/version/reproducibility metadata""}","[""official_syllabus_scope_and_year"", ""official_question_pattern_and_marking_rules"", ""topic_definitions_theorems_algorithms_and_conditions"", ""prerequisite_dependencies_and_common_misconception_hypotheses"", ""historical_question_pattern_coding_with_evidence_label"", ""worked_examples_and_counterexamples"", ""assessment_mode_variants_mcq_msq_nat_and_descriptive_if_applicable"", ""learner_constraints_time_pressure_deadline_confidence_and_accessibility"", ""source_freshness_provenance_and_conflict_check""]","[""scope_and_definition"", ""prerequisite_and_dependency"", ""representation_and_language"", ""method_selection_and_conceptual_reasoning"", ""execution_and_calculation"", ""edge_cases_and_verification"", ""transfer_and_problem_solving"", ""assessment_mode"", ""time_and_exam_strategy"", ""negative_marking_and_risk"", ""retention_and_retrieval"", ""metacognition_and_feedback"", ""constraints_and_affective_load"", ""resource_and_content_fit""]","[""immediate_accuracy"", ""delayed_retrieval"", ""changed_surface_transfer"", ""time_to_method"", ""error_recurrence"", ""hint_dependence"", ""confidence_calibration"", ""support_burden""]","[""scope_pass"", ""claim_ledger_complete"", ""mathematics_pass"", ""assessment_pass"", ""citation_completeness"", ""accessibility_pass"", ""rollback_target_present""]",research_and_verification_required_before_authoritative_release
NM-10,Numerical Methods,Explicit Euler method,"[""XE-A and branch-dependent scope""]","[""MCQ"", ""MSQ"", ""NAT""]","[""CA-05"", ""NM-01""]","[""NM-11""]",research-required before generation; learner-impact claims require outcome validation,numerical,iteration trace + residual/error budget,"[""teach.hook"", ""teach.intuition"", ""teach.formal_anchor"", ""teach.method_selector"", ""teach.checked_example"", ""teach.counterexample"", ""assess.mcq"", ""assess.msq"", ""assess.nat"", ""verify.numeric"", ""verify.symbolic""]","[""verification"", ""counterexample_search"", ""representation_generation"", ""question_variation"", ""learner_exploration""]","[""iteration recomputation"", ""residual and stopping-rule check"", ""convergence/stability check""]","{""scope"": ""scope.resolve + verify.scope"", ""research"": ""research.brief + research.claims + research.sources + research.conflicts"", ""teaching"": [""teach.hook"", ""teach.intuition"", ""teach.formal_anchor"", ""teach.method_selector"", ""teach.checked_example"", ""teach.counterexample"", ""teach.recall"", ""teach.transfer""], ""assessment"": [""assess.mcq"", ""assess.msq"", ""assess.nat"", ""assess.timed"", ""assess.answer_audit""], ""renderers"": [""render.markdown"", ""render.manim"", ""render.question_card""]}","[""visual_first"", ""simple_words"", ""exam_timed"", ""prerequisite_repair"", ""hindi_glossary"", ""formula_light"", ""minimal_delta""]","{""prerequisite_gap"": ""diagnose.prerequisite_probe then delta.select; automatic route requires converging evidence"", ""representation_gap"": ""attach representation shift without rewriting formal anchor"", ""execution_gap"": ""attach checked micro-drill and recompute verification trace"", ""assessment_mode_gap"": ""attach only the failing MCQ/MSQ/NAT/timed/descriptive module"", ""constraint_gap"": ""attach time-risk compression or deadline triage while preserving mandatory conditions"", ""custom_source"": ""register PDF hash/page/source permissions and run conflict analysis before use"", ""verified_computation"": ""store provider/query/assumptions/output/version/reproducibility metadata""}","[""official_syllabus_scope_and_year"", ""official_question_pattern_and_marking_rules"", ""topic_definitions_theorems_algorithms_and_conditions"", ""prerequisite_dependencies_and_common_misconception_hypotheses"", ""historical_question_pattern_coding_with_evidence_label"", ""worked_examples_and_counterexamples"", ""assessment_mode_variants_mcq_msq_nat_and_descriptive_if_applicable"", ""learner_constraints_time_pressure_deadline_confidence_and_accessibility"", ""source_freshness_provenance_and_conflict_check""]","[""scope_and_definition"", ""prerequisite_and_dependency"", ""representation_and_language"", ""method_selection_and_conceptual_reasoning"", ""execution_and_calculation"", ""edge_cases_and_verification"", ""transfer_and_problem_solving"", ""assessment_mode"", ""time_and_exam_strategy"", ""negative_marking_and_risk"", ""retention_and_retrieval"", ""metacognition_and_feedback"", ""constraints_and_affective_load"", ""resource_and_content_fit""]","[""immediate_accuracy"", ""delayed_retrieval"", ""changed_surface_transfer"", ""time_to_method"", ""error_recurrence"", ""hint_dependence"", ""confidence_calibration"", ""support_burden""]","[""scope_pass"", ""claim_ledger_complete"", ""mathematics_pass"", ""assessment_pass"", ""citation_completeness"", ""accessibility_pass"", ""rollback_target_present""]",research_and_verification_required_before_authoritative_release
NM-11,Numerical Methods,Single- and multistep ODE methods,"[""CE"", ""ME and branch-dependent scope""]","[""MCQ"", ""MSQ"", ""NAT""]","[""NM-10""]",[],research-required before generation; learner-impact claims require outcome validation,ode,equation classifier + direction field + solution residual,"[""teach.hook"", ""teach.intuition"", ""teach.formal_anchor"", ""teach.method_selector"", ""teach.checked_example"", ""teach.counterexample"", ""assess.mcq"", ""assess.msq"", ""assess.nat"", ""verify.symbolic"", ""verify.numeric""]","[""verification"", ""counterexample_search"", ""representation_generation"", ""question_variation"", ""learner_exploration""]","[""residual substitution"", ""initial/boundary condition check"", ""equation-classification check""]","{""scope"": ""scope.resolve + verify.scope"", ""research"": ""research.brief + research.claims + research.sources + research.conflicts"", ""teaching"": [""teach.hook"", ""teach.intuition"", ""teach.formal_anchor"", ""teach.method_selector"", ""teach.checked_example"", ""teach.counterexample"", ""teach.recall"", ""teach.transfer""], ""assessment"": [""assess.mcq"", ""assess.msq"", ""assess.nat"", ""assess.timed"", ""assess.answer_audit""], ""renderers"": [""render.markdown"", ""render.manim"", ""render.question_card""]}","[""visual_first"", ""simple_words"", ""exam_timed"", ""prerequisite_repair"", ""hindi_glossary"", ""formula_light"", ""minimal_delta""]","{""prerequisite_gap"": ""diagnose.prerequisite_probe then delta.select; automatic route requires converging evidence"", ""representation_gap"": ""attach representation shift without rewriting formal anchor"", ""execution_gap"": ""attach checked micro-drill and recompute verification trace"", ""assessment_mode_gap"": ""attach only the failing MCQ/MSQ/NAT/timed/descriptive module"", ""constraint_gap"": ""attach time-risk compression or deadline triage while preserving mandatory conditions"", ""custom_source"": ""register PDF hash/page/source permissions and run conflict analysis before use"", ""verified_computation"": ""store provider/query/assumptions/output/version/reproducibility metadata""}","[""official_syllabus_scope_and_year"", ""official_question_pattern_and_marking_rules"", ""topic_definitions_theorems_algorithms_and_conditions"", ""prerequisite_dependencies_and_common_misconception_hypotheses"", ""historical_question_pattern_coding_with_evidence_label"", ""worked_examples_and_counterexamples"", ""assessment_mode_variants_mcq_msq_nat_and_descriptive_if_applicable"", ""learner_constraints_time_pressure_deadline_confidence_and_accessibility"", ""source_freshness_provenance_and_conflict_check""]","[""scope_and_definition"", ""prerequisite_and_dependency"", ""representation_and_language"", ""method_selection_and_conceptual_reasoning"", ""execution_and_calculation"", ""edge_cases_and_verification"", ""transfer_and_problem_solving"", ""assessment_mode"", ""time_and_exam_strategy"", ""negative_marking_and_risk"", ""retention_and_retrieval"", ""metacognition_and_feedback"", ""constraints_and_affective_load"", ""resource_and_content_fit""]","[""immediate_accuracy"", ""delayed_retrieval"", ""changed_surface_transfer"", ""time_to_method"", ""error_recurrence"", ""hint_dependence"", ""confidence_calibration"", ""support_burden""]","[""scope_pass"", ""claim_ledger_complete"", ""mathematics_pass"", ""assessment_pass"", ""citation_completeness"", ""accessibility_pass"", ""rollback_target_present""]",research_and_verification_required_before_authoritative_release
DM-01,Discrete Mathematics for CS,Propositional logic,"[""CS""]","[""MCQ"", ""MSQ""]",[],"[""DM-02""]",research-required before generation; learner-impact claims require outcome validation,discrete,small instance + truth table/graph/recurrence,"[""teach.hook"", ""teach.intuition"", ""teach.formal_anchor"", ""teach.method_selector"", ""teach.checked_example"", ""teach.counterexample"", ""assess.mcq"", ""assess.msq"", ""assess.nat"", ""verify.symbolic""]","[""verification"", ""counterexample_search"", ""representation_generation"", ""question_variation"", ""learner_exploration""]","[""finite enumeration"", ""truth-table/property check"", ""small-counterexample search""]","{""scope"": ""scope.resolve + verify.scope"", ""research"": ""research.brief + research.claims + research.sources + research.conflicts"", ""teaching"": [""teach.hook"", ""teach.intuition"", ""teach.formal_anchor"", ""teach.method_selector"", ""teach.checked_example"", ""teach.counterexample"", ""teach.recall"", ""teach.transfer""], ""assessment"": [""assess.mcq"", ""assess.msq"", ""assess.nat"", ""assess.timed"", ""assess.answer_audit""], ""renderers"": [""render.markdown"", ""render.manim"", ""render.question_card""]}","[""visual_first"", ""simple_words"", ""exam_timed"", ""prerequisite_repair"", ""hindi_glossary"", ""formula_light"", ""minimal_delta""]","{""prerequisite_gap"": ""diagnose.prerequisite_probe then delta.select; automatic route requires converging evidence"", ""representation_gap"": ""attach representation shift without rewriting formal anchor"", ""execution_gap"": ""attach checked micro-drill and recompute verification trace"", ""assessment_mode_gap"": ""attach only the failing MCQ/MSQ/NAT/timed/descriptive module"", ""constraint_gap"": ""attach time-risk compression or deadline triage while preserving mandatory conditions"", ""custom_source"": ""register PDF hash/page/source permissions and run conflict analysis before use"", ""verified_computation"": ""store provider/query/assumptions/output/version/reproducibility metadata""}","[""official_syllabus_scope_and_year"", ""official_question_pattern_and_marking_rules"", ""topic_definitions_theorems_algorithms_and_conditions"", ""prerequisite_dependencies_and_common_misconception_hypotheses"", ""historical_question_pattern_coding_with_evidence_label"", ""worked_examples_and_counterexamples"", ""assessment_mode_variants_mcq_msq_nat_and_descriptive_if_applicable"", ""learner_constraints_time_pressure_deadline_confidence_and_accessibility"", ""source_freshness_provenance_and_conflict_check""]","[""scope_and_definition"", ""prerequisite_and_dependency"", ""representation_and_language"", ""method_selection_and_conceptual_reasoning"", ""execution_and_calculation"", ""edge_cases_and_verification"", ""transfer_and_problem_solving"", ""assessment_mode"", ""time_and_exam_strategy"", ""negative_marking_and_risk"", ""retention_and_retrieval"", ""metacognition_and_feedback"", ""constraints_and_affective_load"", ""resource_and_content_fit""]","[""immediate_accuracy"", ""delayed_retrieval"", ""changed_surface_transfer"", ""time_to_method"", ""error_recurrence"", ""hint_dependence"", ""confidence_calibration"", ""support_burden""]","[""scope_pass"", ""claim_ledger_complete"", ""mathematics_pass"", ""assessment_pass"", ""citation_completeness"", ""accessibility_pass"", ""rollback_target_present""]",research_and_verification_required_before_authoritative_release
DM-02,Discrete Mathematics for CS,First-order logic,"[""CS""]","[""MCQ"", ""MSQ""]","[""DM-01""]",[],research-required before generation; learner-impact claims require outcome validation,discrete,small instance + truth table/graph/recurrence,"[""teach.hook"", ""teach.intuition"", ""teach.formal_anchor"", ""teach.method_selector"", ""teach.checked_example"", ""teach.counterexample"", ""assess.mcq"", ""assess.msq"", ""assess.nat"", ""verify.symbolic""]","[""verification"", ""counterexample_search"", ""representation_generation"", ""question_variation"", ""learner_exploration""]","[""finite enumeration"", ""truth-table/property check"", ""small-counterexample search""]","{""scope"": ""scope.resolve + verify.scope"", ""research"": ""research.brief + research.claims + research.sources + research.conflicts"", ""teaching"": [""teach.hook"", ""teach.intuition"", ""teach.formal_anchor"", ""teach.method_selector"", ""teach.checked_example"", ""teach.counterexample"", ""teach.recall"", ""teach.transfer""], ""assessment"": [""assess.mcq"", ""assess.msq"", ""assess.nat"", ""assess.timed"", ""assess.answer_audit""], ""renderers"": [""render.markdown"", ""render.manim"", ""render.question_card""]}","[""visual_first"", ""simple_words"", ""exam_timed"", ""prerequisite_repair"", ""hindi_glossary"", ""formula_light"", ""minimal_delta""]","{""prerequisite_gap"": ""diagnose.prerequisite_probe then delta.select; automatic route requires converging evidence"", ""representation_gap"": ""attach representation shift without rewriting formal anchor"", ""execution_gap"": ""attach checked micro-drill and recompute verification trace"", ""assessment_mode_gap"": ""attach only the failing MCQ/MSQ/NAT/timed/descriptive module"", ""constraint_gap"": ""attach time-risk compression or deadline triage while preserving mandatory conditions"", ""custom_source"": ""register PDF hash/page/source permissions and run conflict analysis before use"", ""verified_computation"": ""store provider/query/assumptions/output/version/reproducibility metadata""}","[""official_syllabus_scope_and_year"", ""official_question_pattern_and_marking_rules"", ""topic_definitions_theorems_algorithms_and_conditions"", ""prerequisite_dependencies_and_common_misconception_hypotheses"", ""historical_question_pattern_coding_with_evidence_label"", ""worked_examples_and_counterexamples"", ""assessment_mode_variants_mcq_msq_nat_and_descriptive_if_applicable"", ""learner_constraints_time_pressure_deadline_confidence_and_accessibility"", ""source_freshness_provenance_and_conflict_check""]","[""scope_and_definition"", ""prerequisite_and_dependency"", ""representation_and_language"", ""method_selection_and_conceptual_reasoning"", ""execution_and_calculation"", ""edge_cases_and_verification"", ""transfer_and_problem_solving"", ""assessment_mode"", ""time_and_exam_strategy"", ""negative_marking_and_risk"", ""retention_and_retrieval"", ""metacognition_and_feedback"", ""constraints_and_affective_load"", ""resource_and_content_fit""]","[""immediate_accuracy"", ""delayed_retrieval"", ""changed_surface_transfer"", ""time_to_method"", ""error_recurrence"", ""hint_dependence"", ""confidence_calibration"", ""support_burden""]","[""scope_pass"", ""claim_ledger_complete"", ""mathematics_pass"", ""assessment_pass"", ""citation_completeness"", ""accessibility_pass"", ""rollback_target_present""]",research_and_verification_required_before_authoritative_release
DM-03,Discrete Mathematics for CS,Sets,"[""CS""]","[""MCQ"", ""MSQ""]",[],"[""DM-04"", ""DM-05"", ""DM-10"", ""DM-13"", ""PS-01""]",research-required before generation; learner-impact claims require outcome validation,discrete,small instance + truth table/graph/recurrence,"[""teach.hook"", ""teach.intuition"", ""teach.formal_anchor"", ""teach.method_selector"", ""teach.checked_example"", ""teach.counterexample"", ""assess.mcq"", ""assess.msq"", ""assess.nat"", ""verify.symbolic""]","[""verification"", ""counterexample_search"", ""representation_generation"", ""question_variation"", ""learner_exploration""]","[""finite enumeration"", ""truth-table/property check"", ""small-counterexample search""]","{""scope"": ""scope.resolve + verify.scope"", ""research"": ""research.brief + research.claims + research.sources + research.conflicts"", ""teaching"": [""teach.hook"", ""teach.intuition"", ""teach.formal_anchor"", ""teach.method_selector"", ""teach.checked_example"", ""teach.counterexample"", ""teach.recall"", ""teach.transfer""], ""assessment"": [""assess.mcq"", ""assess.msq"", ""assess.nat"", ""assess.timed"", ""assess.answer_audit""], ""renderers"": [""render.markdown"", ""render.manim"", ""render.question_card""]}","[""visual_first"", ""simple_words"", ""exam_timed"", ""prerequisite_repair"", ""hindi_glossary"", ""formula_light"", ""minimal_delta""]","{""prerequisite_gap"": ""diagnose.prerequisite_probe then delta.select; automatic route requires converging evidence"", ""representation_gap"": ""attach representation shift without rewriting formal anchor"", ""execution_gap"": ""attach checked micro-drill and recompute verification trace"", ""assessment_mode_gap"": ""attach only the failing MCQ/MSQ/NAT/timed/descriptive module"", ""constraint_gap"": ""attach time-risk compression or deadline triage while preserving mandatory conditions"", ""custom_source"": ""register PDF hash/page/source permissions and run conflict analysis before use"", ""verified_computation"": ""store provider/query/assumptions/output/version/reproducibility metadata""}","[""official_syllabus_scope_and_year"", ""official_question_pattern_and_marking_rules"", ""topic_definitions_theorems_algorithms_and_conditions"", ""prerequisite_dependencies_and_common_misconception_hypotheses"", ""historical_question_pattern_coding_with_evidence_label"", ""worked_examples_and_counterexamples"", ""assessment_mode_variants_mcq_msq_nat_and_descriptive_if_applicable"", ""learner_constraints_time_pressure_deadline_confidence_and_accessibility"", ""source_freshness_provenance_and_conflict_check""]","[""scope_and_definition"", ""prerequisite_and_dependency"", ""representation_and_language"", ""method_selection_and_conceptual_reasoning"", ""execution_and_calculation"", ""edge_cases_and_verification"", ""transfer_and_problem_solving"", ""assessment_mode"", ""time_and_exam_strategy"", ""negative_marking_and_risk"", ""retention_and_retrieval"", ""metacognition_and_feedback"", ""constraints_and_affective_load"", ""resource_and_content_fit""]","[""immediate_accuracy"", ""delayed_retrieval"", ""changed_surface_transfer"", ""time_to_method"", ""error_recurrence"", ""hint_dependence"", ""confidence_calibration"", ""support_burden""]","[""scope_pass"", ""claim_ledger_complete"", ""mathematics_pass"", ""assessment_pass"", ""citation_completeness"", ""accessibility_pass"", ""rollback_target_present""]",research_and_verification_required_before_authoritative_release
DM-04,Discrete Mathematics for CS,Relations,"[""CS""]","[""MCQ"", ""MSQ""]","[""DM-03""]","[""DM-06""]",research-required before generation; learner-impact claims require outcome validation,discrete,small instance + truth table/graph/recurrence,"[""teach.hook"", ""teach.intuition"", ""teach.formal_anchor"", ""teach.method_selector"", ""teach.checked_example"", ""teach.counterexample"", ""assess.mcq"", ""assess.msq"", ""assess.nat"", ""verify.symbolic""]","[""verification"", ""counterexample_search"", ""representation_generation"", ""question_variation"", ""learner_exploration""]","[""finite enumeration"", ""truth-table/property check"", ""small-counterexample search""]","{""scope"": ""scope.resolve + verify.scope"", ""research"": ""research.brief + research.claims + research.sources + research.conflicts"", ""teaching"": [""teach.hook"", ""teach.intuition"", ""teach.formal_anchor"", ""teach.method_selector"", ""teach.checked_example"", ""teach.counterexample"", ""teach.recall"", ""teach.transfer""], ""assessment"": [""assess.mcq"", ""assess.msq"", ""assess.nat"", ""assess.timed"", ""assess.answer_audit""], ""renderers"": [""render.markdown"", ""render.manim"", ""render.question_card""]}","[""visual_first"", ""simple_words"", ""exam_timed"", ""prerequisite_repair"", ""hindi_glossary"", ""formula_light"", ""minimal_delta""]","{""prerequisite_gap"": ""diagnose.prerequisite_probe then delta.select; automatic route requires converging evidence"", ""representation_gap"": ""attach representation shift without rewriting formal anchor"", ""execution_gap"": ""attach checked micro-drill and recompute verification trace"", ""assessment_mode_gap"": ""attach only the failing MCQ/MSQ/NAT/timed/descriptive module"", ""constraint_gap"": ""attach time-risk compression or deadline triage while preserving mandatory conditions"", ""custom_source"": ""register PDF hash/page/source permissions and run conflict analysis before use"", ""verified_computation"": ""store provider/query/assumptions/output/version/reproducibility metadata""}","[""official_syllabus_scope_and_year"", ""official_question_pattern_and_marking_rules"", ""topic_definitions_theorems_algorithms_and_conditions"", ""prerequisite_dependencies_and_common_misconception_hypotheses"", ""historical_question_pattern_coding_with_evidence_label"", ""worked_examples_and_counterexamples"", ""assessment_mode_variants_mcq_msq_nat_and_descriptive_if_applicable"", ""learner_constraints_time_pressure_deadline_confidence_and_accessibility"", ""source_freshness_provenance_and_conflict_check""]","[""scope_and_definition"", ""prerequisite_and_dependency"", ""representation_and_language"", ""method_selection_and_conceptual_reasoning"", ""execution_and_calculation"", ""edge_cases_and_verification"", ""transfer_and_problem_solving"", ""assessment_mode"", ""time_and_exam_strategy"", ""negative_marking_and_risk"", ""retention_and_retrieval"", ""metacognition_and_feedback"", ""constraints_and_affective_load"", ""resource_and_content_fit""]","[""immediate_accuracy"", ""delayed_retrieval"", ""changed_surface_transfer"", ""time_to_method"", ""error_recurrence"", ""hint_dependence"", ""confidence_calibration"", ""support_burden""]","[""scope_pass"", ""claim_ledger_complete"", ""mathematics_pass"", ""assessment_pass"", ""citation_completeness"", ""accessibility_pass"", ""rollback_target_present""]",research_and_verification_required_before_authoritative_release
DM-05,Discrete Mathematics for CS,Functions,"[""CS""]","[""MCQ"", ""MSQ""]","[""DM-03""]",[],research-required before generation; learner-impact claims require outcome validation,matrix,matrix/table + dimension overlay,"[""teach.hook"", ""teach.intuition"", ""teach.formal_anchor"", ""teach.checked_example"", ""assess.mcq"", ""assess.msq"", ""assess.nat"", ""verify.symbolic"", ""verify.dimension"", ""verify.scope""]","[""verification"", ""counterexample_search"", ""representation_generation"", ""question_variation"", ""learner_exploration""]","[""symbolic equivalence"", ""dimension compatibility"", ""determinant/rank/invertibility checks"", ""counterexample search""]","{""scope"": ""scope.resolve + verify.scope"", ""research"": ""research.brief + research.claims + research.sources + research.conflicts"", ""teaching"": [""teach.hook"", ""teach.intuition"", ""teach.formal_anchor"", ""teach.method_selector"", ""teach.checked_example"", ""teach.counterexample"", ""teach.recall"", ""teach.transfer""], ""assessment"": [""assess.mcq"", ""assess.msq"", ""assess.nat"", ""assess.timed"", ""assess.answer_audit""], ""renderers"": [""render.markdown"", ""render.manim"", ""render.question_card""]}","[""visual_first"", ""simple_words"", ""exam_timed"", ""prerequisite_repair"", ""hindi_glossary"", ""formula_light"", ""minimal_delta""]","{""prerequisite_gap"": ""diagnose.prerequisite_probe then delta.select; automatic route requires converging evidence"", ""representation_gap"": ""attach representation shift without rewriting formal anchor"", ""execution_gap"": ""attach checked micro-drill and recompute verification trace"", ""assessment_mode_gap"": ""attach only the failing MCQ/MSQ/NAT/timed/descriptive module"", ""constraint_gap"": ""attach time-risk compression or deadline triage while preserving mandatory conditions"", ""custom_source"": ""register PDF hash/page/source permissions and run conflict analysis before use"", ""verified_computation"": ""store provider/query/assumptions/output/version/reproducibility metadata""}","[""official_syllabus_scope_and_year"", ""official_question_pattern_and_marking_rules"", ""topic_definitions_theorems_algorithms_and_conditions"", ""prerequisite_dependencies_and_common_misconception_hypotheses"", ""historical_question_pattern_coding_with_evidence_label"", ""worked_examples_and_counterexamples"", ""assessment_mode_variants_mcq_msq_nat_and_descriptive_if_applicable"", ""learner_constraints_time_pressure_deadline_confidence_and_accessibility"", ""source_freshness_provenance_and_conflict_check""]","[""scope_and_definition"", ""prerequisite_and_dependency"", ""representation_and_language"", ""method_selection_and_conceptual_reasoning"", ""execution_and_calculation"", ""edge_cases_and_verification"", ""transfer_and_problem_solving"", ""assessment_mode"", ""time_and_exam_strategy"", ""negative_marking_and_risk"", ""retention_and_retrieval"", ""metacognition_and_feedback"", ""constraints_and_affective_load"", ""resource_and_content_fit""]","[""immediate_accuracy"", ""delayed_retrieval"", ""changed_surface_transfer"", ""time_to_method"", ""error_recurrence"", ""hint_dependence"", ""confidence_calibration"", ""support_burden""]","[""scope_pass"", ""claim_ledger_complete"", ""mathematics_pass"", ""assessment_pass"", ""citation_completeness"", ""accessibility_pass"", ""rollback_target_present""]",research_and_verification_required_before_authoritative_release
DM-06,Discrete Mathematics for CS,Partial orders,"[""CS""]","[""MCQ"", ""MSQ""]","[""DM-04""]","[""DM-07""]",research-required before generation; learner-impact claims require outcome validation,matrix,matrix/table + dimension overlay,"[""teach.hook"", ""teach.intuition"", ""teach.formal_anchor"", ""teach.checked_example"", ""assess.mcq"", ""assess.msq"", ""assess.nat"", ""verify.symbolic"", ""verify.dimension"", ""verify.scope""]","[""verification"", ""counterexample_search"", ""representation_generation"", ""question_variation"", ""learner_exploration""]","[""symbolic equivalence"", ""dimension compatibility"", ""determinant/rank/invertibility checks"", ""counterexample search""]","{""scope"": ""scope.resolve + verify.scope"", ""research"": ""research.brief + research.claims + research.sources + research.conflicts"", ""teaching"": [""teach.hook"", ""teach.intuition"", ""teach.formal_anchor"", ""teach.method_selector"", ""teach.checked_example"", ""teach.counterexample"", ""teach.recall"", ""teach.transfer""], ""assessment"": [""assess.mcq"", ""assess.msq"", ""assess.nat"", ""assess.timed"", ""assess.answer_audit""], ""renderers"": [""render.markdown"", ""render.manim"", ""render.question_card""]}","[""visual_first"", ""simple_words"", ""exam_timed"", ""prerequisite_repair"", ""hindi_glossary"", ""formula_light"", ""minimal_delta""]","{""prerequisite_gap"": ""diagnose.prerequisite_probe then delta.select; automatic route requires converging evidence"", ""representation_gap"": ""attach representation shift without rewriting formal anchor"", ""execution_gap"": ""attach checked micro-drill and recompute verification trace"", ""assessment_mode_gap"": ""attach only the failing MCQ/MSQ/NAT/timed/descriptive module"", ""constraint_gap"": ""attach time-risk compression or deadline triage while preserving mandatory conditions"", ""custom_source"": ""register PDF hash/page/source permissions and run conflict analysis before use"", ""verified_computation"": ""store provider/query/assumptions/output/version/reproducibility metadata""}","[""official_syllabus_scope_and_year"", ""official_question_pattern_and_marking_rules"", ""topic_definitions_theorems_algorithms_and_conditions"", ""prerequisite_dependencies_and_common_misconception_hypotheses"", ""historical_question_pattern_coding_with_evidence_label"", ""worked_examples_and_counterexamples"", ""assessment_mode_variants_mcq_msq_nat_and_descriptive_if_applicable"", ""learner_constraints_time_pressure_deadline_confidence_and_accessibility"", ""source_freshness_provenance_and_conflict_check""]","[""scope_and_definition"", ""prerequisite_and_dependency"", ""representation_and_language"", ""method_selection_and_conceptual_reasoning"", ""execution_and_calculation"", ""edge_cases_and_verification"", ""transfer_and_problem_solving"", ""assessment_mode"", ""time_and_exam_strategy"", ""negative_marking_and_risk"", ""retention_and_retrieval"", ""metacognition_and_feedback"", ""constraints_and_affective_load"", ""resource_and_content_fit""]","[""immediate_accuracy"", ""delayed_retrieval"", ""changed_surface_transfer"", ""time_to_method"", ""error_recurrence"", ""hint_dependence"", ""confidence_calibration"", ""support_burden""]","[""scope_pass"", ""claim_ledger_complete"", ""mathematics_pass"", ""assessment_pass"", ""citation_completeness"", ""accessibility_pass"", ""rollback_target_present""]",research_and_verification_required_before_authoritative_release
DM-07,Discrete Mathematics for CS,Lattices,"[""CS""]","[""MCQ"", ""MSQ""]","[""DM-06""]",[],research-required before generation; learner-impact claims require outcome validation,matrix,matrix/table + dimension overlay,"[""teach.hook"", ""teach.intuition"", ""teach.formal_anchor"", ""teach.checked_example"", ""assess.mcq"", ""assess.msq"", ""assess.nat"", ""verify.symbolic"", ""verify.dimension"", ""verify.scope""]","[""verification"", ""counterexample_search"", ""representation_generation"", ""question_variation"", ""learner_exploration""]","[""symbolic equivalence"", ""dimension compatibility"", ""determinant/rank/invertibility checks"", ""counterexample search""]","{""scope"": ""scope.resolve + verify.scope"", ""research"": ""research.brief + research.claims + research.sources + research.conflicts"", ""teaching"": [""teach.hook"", ""teach.intuition"", ""teach.formal_anchor"", ""teach.method_selector"", ""teach.checked_example"", ""teach.counterexample"", ""teach.recall"", ""teach.transfer""], ""assessment"": [""assess.mcq"", ""assess.msq"", ""assess.nat"", ""assess.timed"", ""assess.answer_audit""], ""renderers"": [""render.markdown"", ""render.manim"", ""render.question_card""]}","[""visual_first"", ""simple_words"", ""exam_timed"", ""prerequisite_repair"", ""hindi_glossary"", ""formula_light"", ""minimal_delta""]","{""prerequisite_gap"": ""diagnose.prerequisite_probe then delta.select; automatic route requires converging evidence"", ""representation_gap"": ""attach representation shift without rewriting formal anchor"", ""execution_gap"": ""attach checked micro-drill and recompute verification trace"", ""assessment_mode_gap"": ""attach only the failing MCQ/MSQ/NAT/timed/descriptive module"", ""constraint_gap"": ""attach time-risk compression or deadline triage while preserving mandatory conditions"", ""custom_source"": ""register PDF hash/page/source permissions and run conflict analysis before use"", ""verified_computation"": ""store provider/query/assumptions/output/version/reproducibility metadata""}","[""official_syllabus_scope_and_year"", ""official_question_pattern_and_marking_rules"", ""topic_definitions_theorems_algorithms_and_conditions"", ""prerequisite_dependencies_and_common_misconception_hypotheses"", ""historical_question_pattern_coding_with_evidence_label"", ""worked_examples_and_counterexamples"", ""assessment_mode_variants_mcq_msq_nat_and_descriptive_if_applicable"", ""learner_constraints_time_pressure_deadline_confidence_and_accessibility"", ""source_freshness_provenance_and_conflict_check""]","[""scope_and_definition"", ""prerequisite_and_dependency"", ""representation_and_language"", ""method_selection_and_conceptual_reasoning"", ""execution_and_calculation"", ""edge_cases_and_verification"", ""transfer_and_problem_solving"", ""assessment_mode"", ""time_and_exam_strategy"", ""negative_marking_and_risk"", ""retention_and_retrieval"", ""metacognition_and_feedback"", ""constraints_and_affective_load"", ""resource_and_content_fit""]","[""immediate_accuracy"", ""delayed_retrieval"", ""changed_surface_transfer"", ""time_to_method"", ""error_recurrence"", ""hint_dependence"", ""confidence_calibration"", ""support_burden""]","[""scope_pass"", ""claim_ledger_complete"", ""mathematics_pass"", ""assessment_pass"", ""citation_completeness"", ""accessibility_pass"", ""rollback_target_present""]",research_and_verification_required_before_authoritative_release
DM-08,Discrete Mathematics for CS,Monoids,"[""CS""]","[""MCQ"", ""MSQ""]",[],"[""DM-09""]",research-required before generation; learner-impact claims require outcome validation,matrix,matrix/table + dimension overlay,"[""teach.hook"", ""teach.intuition"", ""teach.formal_anchor"", ""teach.checked_example"", ""assess.mcq"", ""assess.msq"", ""assess.nat"", ""verify.symbolic"", ""verify.dimension"", ""verify.scope""]","[""verification"", ""counterexample_search"", ""representation_generation"", ""question_variation"", ""learner_exploration""]","[""symbolic equivalence"", ""dimension compatibility"", ""determinant/rank/invertibility checks"", ""counterexample search""]","{""scope"": ""scope.resolve + verify.scope"", ""research"": ""research.brief + research.claims + research.sources + research.conflicts"", ""teaching"": [""teach.hook"", ""teach.intuition"", ""teach.formal_anchor"", ""teach.method_selector"", ""teach.checked_example"", ""teach.counterexample"", ""teach.recall"", ""teach.transfer""], ""assessment"": [""assess.mcq"", ""assess.msq"", ""assess.nat"", ""assess.timed"", ""assess.answer_audit""], ""renderers"": [""render.markdown"", ""render.manim"", ""render.question_card""]}","[""visual_first"", ""simple_words"", ""exam_timed"", ""prerequisite_repair"", ""hindi_glossary"", ""formula_light"", ""minimal_delta""]","{""prerequisite_gap"": ""diagnose.prerequisite_probe then delta.select; automatic route requires converging evidence"", ""representation_gap"": ""attach representation shift without rewriting formal anchor"", ""execution_gap"": ""attach checked micro-drill and recompute verification trace"", ""assessment_mode_gap"": ""attach only the failing MCQ/MSQ/NAT/timed/descriptive module"", ""constraint_gap"": ""attach time-risk compression or deadline triage while preserving mandatory conditions"", ""custom_source"": ""register PDF hash/page/source permissions and run conflict analysis before use"", ""verified_computation"": ""store provider/query/assumptions/output/version/reproducibility metadata""}","[""official_syllabus_scope_and_year"", ""official_question_pattern_and_marking_rules"", ""topic_definitions_theorems_algorithms_and_conditions"", ""prerequisite_dependencies_and_common_misconception_hypotheses"", ""historical_question_pattern_coding_with_evidence_label"", ""worked_examples_and_counterexamples"", ""assessment_mode_variants_mcq_msq_nat_and_descriptive_if_applicable"", ""learner_constraints_time_pressure_deadline_confidence_and_accessibility"", ""source_freshness_provenance_and_conflict_check""]","[""scope_and_definition"", ""prerequisite_and_dependency"", ""representation_and_language"", ""method_selection_and_conceptual_reasoning"", ""execution_and_calculation"", ""edge_cases_and_verification"", ""transfer_and_problem_solving"", ""assessment_mode"", ""time_and_exam_strategy"", ""negative_marking_and_risk"", ""retention_and_retrieval"", ""metacognition_and_feedback"", ""constraints_and_affective_load"", ""resource_and_content_fit""]","[""immediate_accuracy"", ""delayed_retrieval"", ""changed_surface_transfer"", ""time_to_method"", ""error_recurrence"", ""hint_dependence"", ""confidence_calibration"", ""support_burden""]","[""scope_pass"", ""claim_ledger_complete"", ""mathematics_pass"", ""assessment_pass"", ""citation_completeness"", ""accessibility_pass"", ""rollback_target_present""]",research_and_verification_required_before_authoritative_release
DM-09,Discrete Mathematics for CS,Groups,"[""CS""]","[""MCQ"", ""MSQ""]","[""DM-08""]",[],research-required before generation; learner-impact claims require outcome validation,matrix,matrix/table + dimension overlay,"[""teach.hook"", ""teach.intuition"", ""teach.formal_anchor"", ""teach.checked_example"", ""assess.mcq"", ""assess.msq"", ""assess.nat"", ""verify.symbolic"", ""verify.dimension"", ""verify.scope""]","[""verification"", ""counterexample_search"", ""representation_generation"", ""question_variation"", ""learner_exploration""]","[""symbolic equivalence"", ""dimension compatibility"", ""determinant/rank/invertibility checks"", ""counterexample search""]","{""scope"": ""scope.resolve + verify.scope"", ""research"": ""research.brief + research.claims + research.sources + research.conflicts"", ""teaching"": [""teach.hook"", ""teach.intuition"", ""teach.formal_anchor"", ""teach.method_selector"", ""teach.checked_example"", ""teach.counterexample"", ""teach.recall"", ""teach.transfer""], ""assessment"": [""assess.mcq"", ""assess.msq"", ""assess.nat"", ""assess.timed"", ""assess.answer_audit""], ""renderers"": [""render.markdown"", ""render.manim"", ""render.question_card""]}","[""visual_first"", ""simple_words"", ""exam_timed"", ""prerequisite_repair"", ""hindi_glossary"", ""formula_light"", ""minimal_delta""]","{""prerequisite_gap"": ""diagnose.prerequisite_probe then delta.select; automatic route requires converging evidence"", ""representation_gap"": ""attach representation shift without rewriting formal anchor"", ""execution_gap"": ""attach checked micro-drill and recompute verification trace"", ""assessment_mode_gap"": ""attach only the failing MCQ/MSQ/NAT/timed/descriptive module"", ""constraint_gap"": ""attach time-risk compression or deadline triage while preserving mandatory conditions"", ""custom_source"": ""register PDF hash/page/source permissions and run conflict analysis before use"", ""verified_computation"": ""store provider/query/assumptions/output/version/reproducibility metadata""}","[""official_syllabus_scope_and_year"", ""official_question_pattern_and_marking_rules"", ""topic_definitions_theorems_algorithms_and_conditions"", ""prerequisite_dependencies_and_common_misconception_hypotheses"", ""historical_question_pattern_coding_with_evidence_label"", ""worked_examples_and_counterexamples"", ""assessment_mode_variants_mcq_msq_nat_and_descriptive_if_applicable"", ""learner_constraints_time_pressure_deadline_confidence_and_accessibility"", ""source_freshness_provenance_and_conflict_check""]","[""scope_and_definition"", ""prerequisite_and_dependency"", ""representation_and_language"", ""method_selection_and_conceptual_reasoning"", ""execution_and_calculation"", ""edge_cases_and_verification"", ""transfer_and_problem_solving"", ""assessment_mode"", ""time_and_exam_strategy"", ""negative_marking_and_risk"", ""retention_and_retrieval"", ""metacognition_and_feedback"", ""constraints_and_affective_load"", ""resource_and_content_fit""]","[""immediate_accuracy"", ""delayed_retrieval"", ""changed_surface_transfer"", ""time_to_method"", ""error_recurrence"", ""hint_dependence"", ""confidence_calibration"", ""support_burden""]","[""scope_pass"", ""claim_ledger_complete"", ""mathematics_pass"", ""assessment_pass"", ""citation_completeness"", ""accessibility_pass"", ""rollback_target_present""]",research_and_verification_required_before_authoritative_release
DM-10,Discrete Mathematics for CS,Graph connectivity,"[""CS""]","[""MCQ"", ""MSQ""]","[""DM-03""]","[""DM-11"", ""DM-12""]",research-required before generation; learner-impact claims require outcome validation,discrete,small instance + truth table/graph/recurrence,"[""teach.hook"", ""teach.intuition"", ""teach.formal_anchor"", ""teach.method_selector"", ""teach.checked_example"", ""teach.counterexample"", ""assess.mcq"", ""assess.msq"", ""assess.nat"", ""verify.symbolic""]","[""verification"", ""counterexample_search"", ""representation_generation"", ""question_variation"", ""learner_exploration""]","[""finite enumeration"", ""truth-table/property check"", ""small-counterexample search""]","{""scope"": ""scope.resolve + verify.scope"", ""research"": ""research.brief + research.claims + research.sources + research.conflicts"", ""teaching"": [""teach.hook"", ""teach.intuition"", ""teach.formal_anchor"", ""teach.method_selector"", ""teach.checked_example"", ""teach.counterexample"", ""teach.recall"", ""teach.transfer""], ""assessment"": [""assess.mcq"", ""assess.msq"", ""assess.nat"", ""assess.timed"", ""assess.answer_audit""], ""renderers"": [""render.markdown"", ""render.manim"", ""render.question_card""]}","[""visual_first"", ""simple_words"", ""exam_timed"", ""prerequisite_repair"", ""hindi_glossary"", ""formula_light"", ""minimal_delta""]","{""prerequisite_gap"": ""diagnose.prerequisite_probe then delta.select; automatic route requires converging evidence"", ""representation_gap"": ""attach representation shift without rewriting formal anchor"", ""execution_gap"": ""attach checked micro-drill and recompute verification trace"", ""assessment_mode_gap"": ""attach only the failing MCQ/MSQ/NAT/timed/descriptive module"", ""constraint_gap"": ""attach time-risk compression or deadline triage while preserving mandatory conditions"", ""custom_source"": ""register PDF hash/page/source permissions and run conflict analysis before use"", ""verified_computation"": ""store provider/query/assumptions/output/version/reproducibility metadata""}","[""official_syllabus_scope_and_year"", ""official_question_pattern_and_marking_rules"", ""topic_definitions_theorems_algorithms_and_conditions"", ""prerequisite_dependencies_and_common_misconception_hypotheses"", ""historical_question_pattern_coding_with_evidence_label"", ""worked_examples_and_counterexamples"", ""assessment_mode_variants_mcq_msq_nat_and_descriptive_if_applicable"", ""learner_constraints_time_pressure_deadline_confidence_and_accessibility"", ""source_freshness_provenance_and_conflict_check""]","[""scope_and_definition"", ""prerequisite_and_dependency"", ""representation_and_language"", ""method_selection_and_conceptual_reasoning"", ""execution_and_calculation"", ""edge_cases_and_verification"", ""transfer_and_problem_solving"", ""assessment_mode"", ""time_and_exam_strategy"", ""negative_marking_and_risk"", ""retention_and_retrieval"", ""metacognition_and_feedback"", ""constraints_and_affective_load"", ""resource_and_content_fit""]","[""immediate_accuracy"", ""delayed_retrieval"", ""changed_surface_transfer"", ""time_to_method"", ""error_recurrence"", ""hint_dependence"", ""confidence_calibration"", ""support_burden""]","[""scope_pass"", ""claim_ledger_complete"", ""mathematics_pass"", ""assessment_pass"", ""citation_completeness"", ""accessibility_pass"", ""rollback_target_present""]",research_and_verification_required_before_authoritative_release
DM-11,Discrete Mathematics for CS,Matching,"[""CS""]","[""MCQ"", ""MSQ""]","[""DM-10""]",[],research-required before generation; learner-impact claims require outcome validation,matrix,matrix/table + dimension overlay,"[""teach.hook"", ""teach.intuition"", ""teach.formal_anchor"", ""teach.checked_example"", ""assess.mcq"", ""assess.msq"", ""assess.nat"", ""verify.symbolic"", ""verify.dimension"", ""verify.scope""]","[""verification"", ""counterexample_search"", ""representation_generation"", ""question_variation"", ""learner_exploration""]","[""symbolic equivalence"", ""dimension compatibility"", ""determinant/rank/invertibility checks"", ""counterexample search""]","{""scope"": ""scope.resolve + verify.scope"", ""research"": ""research.brief + research.claims + research.sources + research.conflicts"", ""teaching"": [""teach.hook"", ""teach.intuition"", ""teach.formal_anchor"", ""teach.method_selector"", ""teach.checked_example"", ""teach.counterexample"", ""teach.recall"", ""teach.transfer""], ""assessment"": [""assess.mcq"", ""assess.msq"", ""assess.nat"", ""assess.timed"", ""assess.answer_audit""], ""renderers"": [""render.markdown"", ""render.manim"", ""render.question_card""]}","[""visual_first"", ""simple_words"", ""exam_timed"", ""prerequisite_repair"", ""hindi_glossary"", ""formula_light"", ""minimal_delta""]","{""prerequisite_gap"": ""diagnose.prerequisite_probe then delta.select; automatic route requires converging evidence"", ""representation_gap"": ""attach representation shift without rewriting formal anchor"", ""execution_gap"": ""attach checked micro-drill and recompute verification trace"", ""assessment_mode_gap"": ""attach only the failing MCQ/MSQ/NAT/timed/descriptive module"", ""constraint_gap"": ""attach time-risk compression or deadline triage while preserving mandatory conditions"", ""custom_source"": ""register PDF hash/page/source permissions and run conflict analysis before use"", ""verified_computation"": ""store provider/query/assumptions/output/version/reproducibility metadata""}","[""official_syllabus_scope_and_year"", ""official_question_pattern_and_marking_rules"", ""topic_definitions_theorems_algorithms_and_conditions"", ""prerequisite_dependencies_and_common_misconception_hypotheses"", ""historical_question_pattern_coding_with_evidence_label"", ""worked_examples_and_counterexamples"", ""assessment_mode_variants_mcq_msq_nat_and_descriptive_if_applicable"", ""learner_constraints_time_pressure_deadline_confidence_and_accessibility"", ""source_freshness_provenance_and_conflict_check""]","[""scope_and_definition"", ""prerequisite_and_dependency"", ""representation_and_language"", ""method_selection_and_conceptual_reasoning"", ""execution_and_calculation"", ""edge_cases_and_verification"", ""transfer_and_problem_solving"", ""assessment_mode"", ""time_and_exam_strategy"", ""negative_marking_and_risk"", ""retention_and_retrieval"", ""metacognition_and_feedback"", ""constraints_and_affective_load"", ""resource_and_content_fit""]","[""immediate_accuracy"", ""delayed_retrieval"", ""changed_surface_transfer"", ""time_to_method"", ""error_recurrence"", ""hint_dependence"", ""confidence_calibration"", ""support_burden""]","[""scope_pass"", ""claim_ledger_complete"", ""mathematics_pass"", ""assessment_pass"", ""citation_completeness"", ""accessibility_pass"", ""rollback_target_present""]",research_and_verification_required_before_authoritative_release
DM-12,Discrete Mathematics for CS,Graph colouring,"[""CS""]","[""MCQ"", ""MSQ""]","[""DM-10""]",[],research-required before generation; learner-impact claims require outcome validation,discrete,small instance + truth table/graph/recurrence,"[""teach.hook"", ""teach.intuition"", ""teach.formal_anchor"", ""teach.method_selector"", ""teach.checked_example"", ""teach.counterexample"", ""assess.mcq"", ""assess.msq"", ""assess.nat"", ""verify.symbolic""]","[""verification"", ""counterexample_search"", ""representation_generation"", ""question_variation"", ""learner_exploration""]","[""finite enumeration"", ""truth-table/property check"", ""small-counterexample search""]","{""scope"": ""scope.resolve + verify.scope"", ""research"": ""research.brief + research.claims + research.sources + research.conflicts"", ""teaching"": [""teach.hook"", ""teach.intuition"", ""teach.formal_anchor"", ""teach.method_selector"", ""teach.checked_example"", ""teach.counterexample"", ""teach.recall"", ""teach.transfer""], ""assessment"": [""assess.mcq"", ""assess.msq"", ""assess.nat"", ""assess.timed"", ""assess.answer_audit""], ""renderers"": [""render.markdown"", ""render.manim"", ""render.question_card""]}","[""visual_first"", ""simple_words"", ""exam_timed"", ""prerequisite_repair"", ""hindi_glossary"", ""formula_light"", ""minimal_delta""]","{""prerequisite_gap"": ""diagnose.prerequisite_probe then delta.select; automatic route requires converging evidence"", ""representation_gap"": ""attach representation shift without rewriting formal anchor"", ""execution_gap"": ""attach checked micro-drill and recompute verification trace"", ""assessment_mode_gap"": ""attach only the failing MCQ/MSQ/NAT/timed/descriptive module"", ""constraint_gap"": ""attach time-risk compression or deadline triage while preserving mandatory conditions"", ""custom_source"": ""register PDF hash/page/source permissions and run conflict analysis before use"", ""verified_computation"": ""store provider/query/assumptions/output/version/reproducibility metadata""}","[""official_syllabus_scope_and_year"", ""official_question_pattern_and_marking_rules"", ""topic_definitions_theorems_algorithms_and_conditions"", ""prerequisite_dependencies_and_common_misconception_hypotheses"", ""historical_question_pattern_coding_with_evidence_label"", ""worked_examples_and_counterexamples"", ""assessment_mode_variants_mcq_msq_nat_and_descriptive_if_applicable"", ""learner_constraints_time_pressure_deadline_confidence_and_accessibility"", ""source_freshness_provenance_and_conflict_check""]","[""scope_and_definition"", ""prerequisite_and_dependency"", ""representation_and_language"", ""method_selection_and_conceptual_reasoning"", ""execution_and_calculation"", ""edge_cases_and_verification"", ""transfer_and_problem_solving"", ""assessment_mode"", ""time_and_exam_strategy"", ""negative_marking_and_risk"", ""retention_and_retrieval"", ""metacognition_and_feedback"", ""constraints_and_affective_load"", ""resource_and_content_fit""]","[""immediate_accuracy"", ""delayed_retrieval"", ""changed_surface_transfer"", ""time_to_method"", ""error_recurrence"", ""hint_dependence"", ""confidence_calibration"", ""support_burden""]","[""scope_pass"", ""claim_ledger_complete"", ""mathematics_pass"", ""assessment_pass"", ""citation_completeness"", ""accessibility_pass"", ""rollback_target_present""]",research_and_verification_required_before_authoritative_release
DM-13,Discrete Mathematics for CS,Counting,"[""CS""]","[""MCQ"", ""MSQ""]","[""DM-03""]","[""DM-14"", ""PS-02""]",research-required before generation; learner-impact claims require outcome validation,matrix,matrix/table + dimension overlay,"[""teach.hook"", ""teach.intuition"", ""teach.formal_anchor"", ""teach.checked_example"", ""assess.mcq"", ""assess.msq"", ""assess.nat"", ""verify.symbolic"", ""verify.dimension"", ""verify.scope""]","[""verification"", ""counterexample_search"", ""representation_generation"", ""question_variation"", ""learner_exploration""]","[""symbolic equivalence"", ""dimension compatibility"", ""determinant/rank/invertibility checks"", ""counterexample search""]","{""scope"": ""scope.resolve + verify.scope"", ""research"": ""research.brief + research.claims + research.sources + research.conflicts"", ""teaching"": [""teach.hook"", ""teach.intuition"", ""teach.formal_anchor"", ""teach.method_selector"", ""teach.checked_example"", ""teach.counterexample"", ""teach.recall"", ""teach.transfer""], ""assessment"": [""assess.mcq"", ""assess.msq"", ""assess.nat"", ""assess.timed"", ""assess.answer_audit""], ""renderers"": [""render.markdown"", ""render.manim"", ""render.question_card""]}","[""visual_first"", ""simple_words"", ""exam_timed"", ""prerequisite_repair"", ""hindi_glossary"", ""formula_light"", ""minimal_delta""]","{""prerequisite_gap"": ""diagnose.prerequisite_probe then delta.select; automatic route requires converging evidence"", ""representation_gap"": ""attach representation shift without rewriting formal anchor"", ""execution_gap"": ""attach checked micro-drill and recompute verification trace"", ""assessment_mode_gap"": ""attach only the failing MCQ/MSQ/NAT/timed/descriptive module"", ""constraint_gap"": ""attach time-risk compression or deadline triage while preserving mandatory conditions"", ""custom_source"": ""register PDF hash/page/source permissions and run conflict analysis before use"", ""verified_computation"": ""store provider/query/assumptions/output/version/reproducibility metadata""}","[""official_syllabus_scope_and_year"", ""official_question_pattern_and_marking_rules"", ""topic_definitions_theorems_algorithms_and_conditions"", ""prerequisite_dependencies_and_common_misconception_hypotheses"", ""historical_question_pattern_coding_with_evidence_label"", ""worked_examples_and_counterexamples"", ""assessment_mode_variants_mcq_msq_nat_and_descriptive_if_applicable"", ""learner_constraints_time_pressure_deadline_confidence_and_accessibility"", ""source_freshness_provenance_and_conflict_check""]","[""scope_and_definition"", ""prerequisite_and_dependency"", ""representation_and_language"", ""method_selection_and_conceptual_reasoning"", ""execution_and_calculation"", ""edge_cases_and_verification"", ""transfer_and_problem_solving"", ""assessment_mode"", ""time_and_exam_strategy"", ""negative_marking_and_risk"", ""retention_and_retrieval"", ""metacognition_and_feedback"", ""constraints_and_affective_load"", ""resource_and_content_fit""]","[""immediate_accuracy"", ""delayed_retrieval"", ""changed_surface_transfer"", ""time_to_method"", ""error_recurrence"", ""hint_dependence"", ""confidence_calibration"", ""support_burden""]","[""scope_pass"", ""claim_ledger_complete"", ""mathematics_pass"", ""assessment_pass"", ""citation_completeness"", ""accessibility_pass"", ""rollback_target_present""]",research_and_verification_required_before_authoritative_release
DM-14,Discrete Mathematics for CS,Recurrence relations,"[""CS""]","[""MCQ"", ""MSQ""]","[""DM-13""]","[""DM-15""]",research-required before generation; learner-impact claims require outcome validation,discrete,small instance + truth table/graph/recurrence,"[""teach.hook"", ""teach.intuition"", ""teach.formal_anchor"", ""teach.method_selector"", ""teach.checked_example"", ""teach.counterexample"", ""assess.mcq"", ""assess.msq"", ""assess.nat"", ""verify.symbolic""]","[""verification"", ""counterexample_search"", ""representation_generation"", ""question_variation"", ""learner_exploration""]","[""finite enumeration"", ""truth-table/property check"", ""small-counterexample search""]","{""scope"": ""scope.resolve + verify.scope"", ""research"": ""research.brief + research.claims + research.sources + research.conflicts"", ""teaching"": [""teach.hook"", ""teach.intuition"", ""teach.formal_anchor"", ""teach.method_selector"", ""teach.checked_example"", ""teach.counterexample"", ""teach.recall"", ""teach.transfer""], ""assessment"": [""assess.mcq"", ""assess.msq"", ""assess.nat"", ""assess.timed"", ""assess.answer_audit""], ""renderers"": [""render.markdown"", ""render.manim"", ""render.question_card""]}","[""visual_first"", ""simple_words"", ""exam_timed"", ""prerequisite_repair"", ""hindi_glossary"", ""formula_light"", ""minimal_delta""]","{""prerequisite_gap"": ""diagnose.prerequisite_probe then delta.select; automatic route requires converging evidence"", ""representation_gap"": ""attach representation shift without rewriting formal anchor"", ""execution_gap"": ""attach checked micro-drill and recompute verification trace"", ""assessment_mode_gap"": ""attach only the failing MCQ/MSQ/NAT/timed/descriptive module"", ""constraint_gap"": ""attach time-risk compression or deadline triage while preserving mandatory conditions"", ""custom_source"": ""register PDF hash/page/source permissions and run conflict analysis before use"", ""verified_computation"": ""store provider/query/assumptions/output/version/reproducibility metadata""}","[""official_syllabus_scope_and_year"", ""official_question_pattern_and_marking_rules"", ""topic_definitions_theorems_algorithms_and_conditions"", ""prerequisite_dependencies_and_common_misconception_hypotheses"", ""historical_question_pattern_coding_with_evidence_label"", ""worked_examples_and_counterexamples"", ""assessment_mode_variants_mcq_msq_nat_and_descriptive_if_applicable"", ""learner_constraints_time_pressure_deadline_confidence_and_accessibility"", ""source_freshness_provenance_and_conflict_check""]","[""scope_and_definition"", ""prerequisite_and_dependency"", ""representation_and_language"", ""method_selection_and_conceptual_reasoning"", ""execution_and_calculation"", ""edge_cases_and_verification"", ""transfer_and_problem_solving"", ""assessment_mode"", ""time_and_exam_strategy"", ""negative_marking_and_risk"", ""retention_and_retrieval"", ""metacognition_and_feedback"", ""constraints_and_affective_load"", ""resource_and_content_fit""]","[""immediate_accuracy"", ""delayed_retrieval"", ""changed_surface_transfer"", ""time_to_method"", ""error_recurrence"", ""hint_dependence"", ""confidence_calibration"", ""support_burden""]","[""scope_pass"", ""claim_ledger_complete"", ""mathematics_pass"", ""assessment_pass"", ""citation_completeness"", ""accessibility_pass"", ""rollback_target_present""]",research_and_verification_required_before_authoritative_release
DM-15,Discrete Mathematics for CS,Generating functions,"[""CS""]","[""MCQ"", ""MSQ""]","[""DM-14""]",[],research-required before generation; learner-impact claims require outcome validation,matrix,matrix/table + dimension overlay,"[""teach.hook"", ""teach.intuition"", ""teach.formal_anchor"", ""teach.checked_example"", ""assess.mcq"", ""assess.msq"", ""assess.nat"", ""verify.symbolic"", ""verify.dimension"", ""verify.scope""]","[""verification"", ""counterexample_search"", ""representation_generation"", ""question_variation"", ""learner_exploration""]","[""symbolic equivalence"", ""dimension compatibility"", ""determinant/rank/invertibility checks"", ""counterexample search""]","{""scope"": ""scope.resolve + verify.scope"", ""research"": ""research.brief + research.claims + research.sources + research.conflicts"", ""teaching"": [""teach.hook"", ""teach.intuition"", ""teach.formal_anchor"", ""teach.method_selector"", ""teach.checked_example"", ""teach.counterexample"", ""teach.recall"", ""teach.transfer""], ""assessment"": [""assess.mcq"", ""assess.msq"", ""assess.nat"", ""assess.timed"", ""assess.answer_audit""], ""renderers"": [""render.markdown"", ""render.manim"", ""render.question_card""]}","[""visual_first"", ""simple_words"", ""exam_timed"", ""prerequisite_repair"", ""hindi_glossary"", ""formula_light"", ""minimal_delta""]","{""prerequisite_gap"": ""diagnose.prerequisite_probe then delta.select; automatic route requires converging evidence"", ""representation_gap"": ""attach representation shift without rewriting formal anchor"", ""execution_gap"": ""attach checked micro-drill and recompute verification trace"", ""assessment_mode_gap"": ""attach only the failing MCQ/MSQ/NAT/timed/descriptive module"", ""constraint_gap"": ""attach time-risk compression or deadline triage while preserving mandatory conditions"", ""custom_source"": ""register PDF hash/page/source permissions and run conflict analysis before use"", ""verified_computation"": ""store provider/query/assumptions/output/version/reproducibility metadata""}","[""official_syllabus_scope_and_year"", ""official_question_pattern_and_marking_rules"", ""topic_definitions_theorems_algorithms_and_conditions"", ""prerequisite_dependencies_and_common_misconception_hypotheses"", ""historical_question_pattern_coding_with_evidence_label"", ""worked_examples_and_counterexamples"", ""assessment_mode_variants_mcq_msq_nat_and_descriptive_if_applicable"", ""learner_constraints_time_pressure_deadline_confidence_and_accessibility"", ""source_freshness_provenance_and_conflict_check""]","[""scope_and_definition"", ""prerequisite_and_dependency"", ""representation_and_language"", ""method_selection_and_conceptual_reasoning"", ""execution_and_calculation"", ""edge_cases_and_verification"", ""transfer_and_problem_solving"", ""assessment_mode"", ""time_and_exam_strategy"", ""negative_marking_and_risk"", ""retention_and_retrieval"", ""metacognition_and_feedback"", ""constraints_and_affective_load"", ""resource_and_content_fit""]","[""immediate_accuracy"", ""delayed_retrieval"", ""changed_surface_transfer"", ""time_to_method"", ""error_recurrence"", ""hint_dependence"", ""confidence_calibration"", ""support_burden""]","[""scope_pass"", ""claim_ledger_complete"", ""mathematics_pass"", ""assessment_pass"", ""citation_completeness"", ""accessibility_pass"", ""rollback_target_present""]",research_and_verification_required_before_authoritative_release
